-- phpMyAdmin SQL Dump
-- version 5.2.1
-- https://www.phpmyadmin.net/
--
-- Host: 127.0.0.1
-- Generation Time: Oct 08, 2025 at 02:34 PM
-- Server version: 10.4.32-MariaDB
-- PHP Version: 8.2.12

SET SQL_MODE = "NO_AUTO_VALUE_ON_ZERO";
START TRANSACTION;
SET time_zone = "+00:00";


/*!40101 SET @OLD_CHARACTER_SET_CLIENT=@@CHARACTER_SET_CLIENT */;
/*!40101 SET @OLD_CHARACTER_SET_RESULTS=@@CHARACTER_SET_RESULTS */;
/*!40101 SET @OLD_COLLATION_CONNECTION=@@COLLATION_CONNECTION */;
/*!40101 SET NAMES utf8mb4 */;

--
-- Database: `academic_portal`
--
CREATE DATABASE IF NOT EXISTS `academic_portal` DEFAULT CHARACTER SET utf8mb4 COLLATE utf8mb4_general_ci;
USE `academic_portal`;

-- --------------------------------------------------------

--
-- Table structure for table `announcements`
--

CREATE TABLE `announcements` (
  `announcement_id` int(11) NOT NULL,
  `teacher_id` int(11) DEFAULT NULL,
  `title` varchar(100) NOT NULL,
  `content` text DEFAULT NULL,
  `created_at` timestamp NOT NULL DEFAULT current_timestamp()
) ENGINE=InnoDB DEFAULT CHARSET=utf8mb4 COLLATE=utf8mb4_general_ci;

--
-- Dumping data for table `announcements`
--

INSERT INTO `announcements` (`announcement_id`, `teacher_id`, `title`, `content`, `created_at`) VALUES
(1, 1, 'Holiday Schedule', 'Please note the changes to the holiday schedule for the winter break.', '2025-09-09 22:25:26'),
(2, 1, 'Final Exam Guidelines', 'Important guidelines for the upcoming final examinations.', '2025-09-09 22:25:26');

-- --------------------------------------------------------

--
-- Table structure for table `assignments`
--

CREATE TABLE `assignments` (
  `assignment_id` int(11) NOT NULL,
  `course_id` int(11) DEFAULT NULL,
  `title` varchar(100) NOT NULL,
  `instructions` text DEFAULT NULL,
  `deadline` datetime DEFAULT NULL,
  `file_path` varchar(255) DEFAULT NULL,
  `created_at` timestamp NOT NULL DEFAULT current_timestamp()
) ENGINE=InnoDB DEFAULT CHARSET=utf8mb4 COLLATE=utf8mb4_general_ci;

--
-- Dumping data for table `assignments`
--

INSERT INTO `assignments` (`assignment_id`, `course_id`, `title`, `instructions`, `deadline`, `file_path`, `created_at`) VALUES
(1, 1, 'Calculus Problems', 'Solve the following calculus problems and show your work.', '2023-12-15 23:59:59', NULL, '2025-09-09 22:25:26'),
(2, 1, 'Algebra Quiz', 'Complete the algebra quiz within the time limit.', '2023-12-20 23:59:59', NULL, '2025-09-09 22:25:26'),
(3, 2, 'Essay Writing', 'Write a 1000-word essay on the provided topic.', '2023-12-18 23:59:59', NULL, '2025-09-09 22:25:26');

-- --------------------------------------------------------

--
-- Table structure for table `assignment_submissions`
--

CREATE TABLE `assignment_submissions` (
  `submission_id` int(11) NOT NULL,
  `assignment_id` int(11) DEFAULT NULL,
  `student_id` int(11) DEFAULT NULL,
  `submitted_text` text DEFAULT NULL,
  `submitted_file` varchar(255) DEFAULT NULL,
  `submission_date` timestamp NOT NULL DEFAULT current_timestamp(),
  `grade` decimal(5,2) DEFAULT NULL,
  `feedback` text DEFAULT NULL
) ENGINE=InnoDB DEFAULT CHARSET=utf8mb4 COLLATE=utf8mb4_general_ci;

-- --------------------------------------------------------

--
-- Table structure for table `class_schedules`
--

CREATE TABLE `class_schedules` (
  `schedule_id` int(11) NOT NULL,
  `course_id` int(11) DEFAULT NULL,
  `day_of_week` enum('Monday','Tuesday','Wednesday','Thursday','Friday','Saturday','Sunday') DEFAULT NULL,
  `start_time` time DEFAULT NULL,
  `end_time` time DEFAULT NULL,
  `venue` varchar(100) DEFAULT NULL
) ENGINE=InnoDB DEFAULT CHARSET=utf8mb4 COLLATE=utf8mb4_general_ci;

--
-- Dumping data for table `class_schedules`
--

INSERT INTO `class_schedules` (`schedule_id`, `course_id`, `day_of_week`, `start_time`, `end_time`, `venue`) VALUES
(1, 1, 'Monday', '09:00:00', '10:30:00', 'Room 101'),
(2, 1, 'Wednesday', '09:00:00', '10:30:00', 'Room 101'),
(3, 2, 'Tuesday', '11:00:00', '12:30:00', 'Room 202'),
(4, 3, 'Thursday', '14:00:00', '15:30:00', 'Lab 1');

-- --------------------------------------------------------

--
-- Table structure for table `courses`
--

CREATE TABLE `courses` (
  `course_id` int(11) NOT NULL,
  `teacher_id` int(11) DEFAULT NULL,
  `subject_id` int(11) DEFAULT NULL,
  `title` varchar(100) NOT NULL,
  `description` text DEFAULT NULL,
  `materials` text DEFAULT NULL,
  `created_at` timestamp NOT NULL DEFAULT current_timestamp()
) ENGINE=InnoDB DEFAULT CHARSET=utf8mb4 COLLATE=utf8mb4_general_ci;

--
-- Dumping data for table `courses`
--

INSERT INTO `courses` (`course_id`, `teacher_id`, `subject_id`, `title`, `description`, `materials`, `created_at`) VALUES
(1, 1, 1, 'Advanced Mathematics', 'This course covers advanced mathematical concepts including calculus, algebra, and geometry.', NULL, '2025-09-09 22:25:26'),
(2, 1, 2, 'English Literature', 'Study of literary texts from various periods and cultures.', NULL, '2025-09-09 22:25:26'),
(3, 2, 3, 'Physics Fundamentals', 'Introduction to the fundamental principles of physics.', NULL, '2025-09-09 22:25:26');

-- --------------------------------------------------------

--
-- Table structure for table `grades`
--

CREATE TABLE `grades` (
  `grade_id` int(11) NOT NULL,
  `grade` varchar(31) NOT NULL,
  `grade_code` varchar(7) NOT NULL
) ENGINE=InnoDB DEFAULT CHARSET=utf8mb4 COLLATE=utf8mb4_general_ci;

--
-- Dumping data for table `grades`
--

INSERT INTO `grades` (`grade_id`, `grade`, `grade_code`) VALUES
(1, '1', 'G'),
(2, '2', 'G'),
(3, '3', 'G'),
(4, '4', 'G'),
(5, '5', 'G'),
(6, '6', 'G'),
(7, '7', 'G'),
(8, '8', 'G'),
(9, '9', 'G'),
(10, '10', 'G');

-- --------------------------------------------------------

--
-- Table structure for table `messages`
--

CREATE TABLE `messages` (
  `message_id` int(11) NOT NULL,
  `sender_id` int(11) DEFAULT NULL,
  `receiver_id` int(11) DEFAULT NULL,
  `subject` varchar(100) DEFAULT NULL,
  `content` text DEFAULT NULL,
  `sent_at` timestamp NOT NULL DEFAULT current_timestamp(),
  `is_read` tinyint(1) DEFAULT 0,
  `sender_role` enum('Teacher','Student') DEFAULT NULL,
  `receiver_role` enum('Teacher','Student') DEFAULT NULL
) ENGINE=InnoDB DEFAULT CHARSET=utf8mb4 COLLATE=utf8mb4_general_ci;

-- --------------------------------------------------------

--
-- Table structure for table `notifications`
--

CREATE TABLE `notifications` (
  `notification_id` int(11) NOT NULL,
  `user_id` int(11) DEFAULT NULL,
  `title` varchar(100) NOT NULL,
  `content` text DEFAULT NULL,
  `type` enum('Assignment','Grade','Announcement','Message','Schedule') DEFAULT NULL,
  `related_id` int(11) DEFAULT NULL,
  `created_at` timestamp NOT NULL DEFAULT current_timestamp(),
  `is_read` tinyint(1) DEFAULT 0
) ENGINE=InnoDB DEFAULT CHARSET=utf8mb4 COLLATE=utf8mb4_general_ci;

-- --------------------------------------------------------

--
-- Table structure for table `sections`
--

CREATE TABLE `sections` (
  `section_id` int(11) NOT NULL,
  `section` varchar(7) NOT NULL
) ENGINE=InnoDB DEFAULT CHARSET=utf8mb4 COLLATE=utf8mb4_general_ci;

--
-- Dumping data for table `sections`
--

INSERT INTO `sections` (`section_id`, `section`) VALUES
(1, 'A'),
(2, 'B'),
(3, 'C'),
(4, 'D');

-- --------------------------------------------------------

--
-- Table structure for table `students`
--

CREATE TABLE `students` (
  `student_id` int(11) NOT NULL,
  `user_id` int(11) DEFAULT NULL,
  `fname` varchar(50) NOT NULL,
  `lname` varchar(50) NOT NULL,
  `address` text DEFAULT NULL,
  `date_of_birth` date DEFAULT NULL,
  `email_address` varchar(100) DEFAULT NULL,
  `gender` enum('Male','Female') DEFAULT NULL,
  `date_of_joined` date DEFAULT NULL,
  `grade` int(11) DEFAULT NULL,
  `section` int(11) DEFAULT NULL,
  `parent_fname` varchar(50) DEFAULT NULL,
  `parent_lname` varchar(50) DEFAULT NULL,
  `parent_phone_number` varchar(20) DEFAULT NULL
) ENGINE=InnoDB DEFAULT CHARSET=utf8mb4 COLLATE=utf8mb4_general_ci;

--
-- Dumping data for table `students`
--

INSERT INTO `students` (`student_id`, `user_id`, `fname`, `lname`, `address`, `date_of_birth`, `email_address`, `gender`, `date_of_joined`, `grade`, `section`, `parent_fname`, `parent_lname`, `parent_phone_number`) VALUES
(1, 4, 'John', 'Doe', 'California, Los angeles', '2005-09-12', 'john@school.edu', 'Male', '2022-09-01', 10, 1, 'Michael', 'Doe', '0934567890'),
(2, 5, 'Jane', 'Smith', 'New York, NY', '2006-03-25', 'jane@school.edu', 'Female', '2022-09-01', 10, 1, 'Robert', 'Smith', '0945678901');

-- --------------------------------------------------------

--
-- Table structure for table `student_courses`
--

CREATE TABLE `student_courses` (
  `id` int(11) NOT NULL,
  `student_id` int(11) DEFAULT NULL,
  `course_id` int(11) DEFAULT NULL,
  `enrolled_at` timestamp NOT NULL DEFAULT current_timestamp()
) ENGINE=InnoDB DEFAULT CHARSET=utf8mb4 COLLATE=utf8mb4_general_ci;

--
-- Dumping data for table `student_courses`
--

INSERT INTO `student_courses` (`id`, `student_id`, `course_id`, `enrolled_at`) VALUES
(1, 1, 1, '2025-09-09 22:25:27'),
(2, 1, 2, '2025-09-09 22:25:27'),
(3, 2, 1, '2025-09-09 22:25:27'),
(4, 2, 3, '2025-09-09 22:25:27');

-- --------------------------------------------------------

--
-- Table structure for table `subjects`
--

CREATE TABLE `subjects` (
  `subject_id` int(11) NOT NULL,
  `subject` varchar(31) NOT NULL,
  `subject_code` varchar(31) NOT NULL,
  `grade_id` int(11) DEFAULT NULL
) ENGINE=InnoDB DEFAULT CHARSET=utf8mb4 COLLATE=utf8mb4_general_ci;

--
-- Dumping data for table `subjects`
--

INSERT INTO `subjects` (`subject_id`, `subject`, `subject_code`, `grade_id`) VALUES
(1, 'Mathematics', 'MATH', 10),
(2, 'English Literature', 'ENG', 10),
(3, 'Physics', 'PHY', 10),
(4, 'Chemistry', 'CHEM', 10),
(5, 'Biology', 'BIO', 10);

-- --------------------------------------------------------

--
-- Table structure for table `teachers`
--

CREATE TABLE `teachers` (
  `teacher_id` int(11) NOT NULL,
  `user_id` int(11) DEFAULT NULL,
  `fname` varchar(50) NOT NULL,
  `lname` varchar(50) NOT NULL,
  `employee_number` varchar(20) NOT NULL,
  `address` text DEFAULT NULL,
  `date_of_birth` date DEFAULT NULL,
  `phone_number` varchar(20) DEFAULT NULL,
  `qualification` varchar(100) DEFAULT NULL,
  `email_address` varchar(100) DEFAULT NULL,
  `gender` enum('Male','Female') DEFAULT NULL,
  `date_of_joined` date DEFAULT NULL
) ENGINE=InnoDB DEFAULT CHARSET=utf8mb4 COLLATE=utf8mb4_general_ci;

--
-- Dumping data for table `teachers`
--

INSERT INTO `teachers` (`teacher_id`, `user_id`, `fname`, `lname`, `employee_number`, `address`, `date_of_birth`, `phone_number`, `qualification`, `email_address`, `gender`, `date_of_joined`) VALUES
(1, 2, 'Oliver', 'Noah', 'T001', 'California, Los angeles', '1980-05-15', '09457396789', 'M.Sc in Mathematics', 'oliver@school.edu', 'Male', '2020-01-10'),
(2, 3, 'Sarah', 'Smith', 'T002', 'New York, NY', '1985-08-22', '09451234567', 'Ph.D in English Literature', 'sarah@school.edu', 'Female', '2019-03-15');

-- --------------------------------------------------------

--
-- Table structure for table `teacher_subjects`
--

CREATE TABLE `teacher_subjects` (
  `id` int(11) NOT NULL,
  `teacher_id` int(11) DEFAULT NULL,
  `subject_id` int(11) DEFAULT NULL
) ENGINE=InnoDB DEFAULT CHARSET=utf8mb4 COLLATE=utf8mb4_general_ci;

--
-- Dumping data for table `teacher_subjects`
--

INSERT INTO `teacher_subjects` (`id`, `teacher_id`, `subject_id`) VALUES
(1, 1, 1),
(2, 1, 2),
(3, 2, 3),
(4, 2, 4);

-- --------------------------------------------------------

--
-- Table structure for table `users`
--

CREATE TABLE `users` (
  `id` int(11) NOT NULL,
  `username` varchar(50) NOT NULL,
  `password` varchar(255) NOT NULL,
  `role` enum('Teacher','Student','Admin') NOT NULL,
  `email` varchar(100) NOT NULL,
  `created_at` timestamp NOT NULL DEFAULT current_timestamp()
) ENGINE=InnoDB DEFAULT CHARSET=utf8mb4 COLLATE=utf8mb4_general_ci;

--
-- Dumping data for table `users`
--

INSERT INTO `users` (`id`, `username`, `password`, `role`, `email`, `created_at`) VALUES
(1, 'admin', '$2y$10$H7obJEdmLzqqcPy7wQWhsOLUvrgzC8f1Y1or2Gxaza5z1PT0tvLy6', 'Admin', 'admin@school.edu', '2025-09-09 22:25:26'),
(2, 'teacher1', '$2y$10$JruTW/rNZ6CVO4nxYWCrn.GJpiIKMACEPYrK00S7Dk/fkbJIdYau2', 'Teacher', 'teacher1@school.edu', '2025-09-09 22:25:26'),
(3, 'teacher2', '$2y$10$cMSKcHEJcg3K6wbVcxcXGuksgU39i70aEQVKN7ZHrzqTH9oAc3y5m', 'Teacher', 'teacher2@school.edu', '2025-09-09 22:25:26'),
(4, 'student1', '$2y$10$xmtROY8efWeORYiuQDE3SO.eZwscao20QNuLky1Qlr88zDzNNq4gm', 'Student', 'student1@school.edu', '2025-09-09 22:25:26'),
(5, 'student2', '$2y$10$KLFheMWgpLfoiqMuW2LQxOPficlBiSIJ9.wE2qr5yJUbAQ.5VURoO', 'Student', 'student2@school.edu', '2025-09-09 22:25:26');

--
-- Indexes for dumped tables
--

--
-- Indexes for table `announcements`
--
ALTER TABLE `announcements`
  ADD PRIMARY KEY (`announcement_id`),
  ADD KEY `idx_announcements_teacher` (`teacher_id`);

--
-- Indexes for table `assignments`
--
ALTER TABLE `assignments`
  ADD PRIMARY KEY (`assignment_id`),
  ADD KEY `idx_assignments_course` (`course_id`);

--
-- Indexes for table `assignment_submissions`
--
ALTER TABLE `assignment_submissions`
  ADD PRIMARY KEY (`submission_id`),
  ADD KEY `idx_submissions_assignment` (`assignment_id`),
  ADD KEY `idx_submissions_student` (`student_id`);

--
-- Indexes for table `class_schedules`
--
ALTER TABLE `class_schedules`
  ADD PRIMARY KEY (`schedule_id`),
  ADD KEY `idx_schedules_course` (`course_id`);

--
-- Indexes for table `courses`
--
ALTER TABLE `courses`
  ADD PRIMARY KEY (`course_id`),
  ADD KEY `teacher_id` (`teacher_id`),
  ADD KEY `subject_id` (`subject_id`);

--
-- Indexes for table `grades`
--
ALTER TABLE `grades`
  ADD PRIMARY KEY (`grade_id`);

--
-- Indexes for table `messages`
--
ALTER TABLE `messages`
  ADD PRIMARY KEY (`message_id`),
  ADD KEY `idx_messages_sender` (`sender_id`),
  ADD KEY `idx_messages_receiver` (`receiver_id`);

--
-- Indexes for table `notifications`
--
ALTER TABLE `notifications`
  ADD PRIMARY KEY (`notification_id`),
  ADD KEY `idx_notifications_user` (`user_id`);

--
-- Indexes for table `sections`
--
ALTER TABLE `sections`
  ADD PRIMARY KEY (`section_id`);

--
-- Indexes for table `students`
--
ALTER TABLE `students`
  ADD PRIMARY KEY (`student_id`),
  ADD KEY `user_id` (`user_id`);

--
-- Indexes for table `student_courses`
--
ALTER TABLE `student_courses`
  ADD PRIMARY KEY (`id`),
  ADD UNIQUE KEY `unique_student_course` (`student_id`,`course_id`),
  ADD KEY `idx_student_courses_student` (`student_id`),
  ADD KEY `idx_student_courses_course` (`course_id`);

--
-- Indexes for table `subjects`
--
ALTER TABLE `subjects`
  ADD PRIMARY KEY (`subject_id`),
  ADD KEY `grade_id` (`grade_id`);

--
-- Indexes for table `teachers`
--
ALTER TABLE `teachers`
  ADD PRIMARY KEY (`teacher_id`),
  ADD UNIQUE KEY `employee_number` (`employee_number`),
  ADD KEY `user_id` (`user_id`);

--
-- Indexes for table `teacher_subjects`
--
ALTER TABLE `teacher_subjects`
  ADD PRIMARY KEY (`id`),
  ADD KEY `teacher_id` (`teacher_id`),
  ADD KEY `subject_id` (`subject_id`);

--
-- Indexes for table `users`
--
ALTER TABLE `users`
  ADD PRIMARY KEY (`id`),
  ADD UNIQUE KEY `username` (`username`),
  ADD UNIQUE KEY `email` (`email`);

--
-- AUTO_INCREMENT for dumped tables
--

--
-- AUTO_INCREMENT for table `announcements`
--
ALTER TABLE `announcements`
  MODIFY `announcement_id` int(11) NOT NULL AUTO_INCREMENT, AUTO_INCREMENT=3;

--
-- AUTO_INCREMENT for table `assignments`
--
ALTER TABLE `assignments`
  MODIFY `assignment_id` int(11) NOT NULL AUTO_INCREMENT, AUTO_INCREMENT=4;

--
-- AUTO_INCREMENT for table `assignment_submissions`
--
ALTER TABLE `assignment_submissions`
  MODIFY `submission_id` int(11) NOT NULL AUTO_INCREMENT;

--
-- AUTO_INCREMENT for table `class_schedules`
--
ALTER TABLE `class_schedules`
  MODIFY `schedule_id` int(11) NOT NULL AUTO_INCREMENT, AUTO_INCREMENT=5;

--
-- AUTO_INCREMENT for table `courses`
--
ALTER TABLE `courses`
  MODIFY `course_id` int(11) NOT NULL AUTO_INCREMENT, AUTO_INCREMENT=4;

--
-- AUTO_INCREMENT for table `grades`
--
ALTER TABLE `grades`
  MODIFY `grade_id` int(11) NOT NULL AUTO_INCREMENT, AUTO_INCREMENT=11;

--
-- AUTO_INCREMENT for table `messages`
--
ALTER TABLE `messages`
  MODIFY `message_id` int(11) NOT NULL AUTO_INCREMENT;

--
-- AUTO_INCREMENT for table `notifications`
--
ALTER TABLE `notifications`
  MODIFY `notification_id` int(11) NOT NULL AUTO_INCREMENT;

--
-- AUTO_INCREMENT for table `sections`
--
ALTER TABLE `sections`
  MODIFY `section_id` int(11) NOT NULL AUTO_INCREMENT, AUTO_INCREMENT=5;

--
-- AUTO_INCREMENT for table `students`
--
ALTER TABLE `students`
  MODIFY `student_id` int(11) NOT NULL AUTO_INCREMENT, AUTO_INCREMENT=3;

--
-- AUTO_INCREMENT for table `student_courses`
--
ALTER TABLE `student_courses`
  MODIFY `id` int(11) NOT NULL AUTO_INCREMENT, AUTO_INCREMENT=5;

--
-- AUTO_INCREMENT for table `subjects`
--
ALTER TABLE `subjects`
  MODIFY `subject_id` int(11) NOT NULL AUTO_INCREMENT, AUTO_INCREMENT=6;

--
-- AUTO_INCREMENT for table `teachers`
--
ALTER TABLE `teachers`
  MODIFY `teacher_id` int(11) NOT NULL AUTO_INCREMENT, AUTO_INCREMENT=3;

--
-- AUTO_INCREMENT for table `teacher_subjects`
--
ALTER TABLE `teacher_subjects`
  MODIFY `id` int(11) NOT NULL AUTO_INCREMENT, AUTO_INCREMENT=5;

--
-- AUTO_INCREMENT for table `users`
--
ALTER TABLE `users`
  MODIFY `id` int(11) NOT NULL AUTO_INCREMENT, AUTO_INCREMENT=6;

--
-- Constraints for dumped tables
--

--
-- Constraints for table `announcements`
--
ALTER TABLE `announcements`
  ADD CONSTRAINT `announcements_ibfk_1` FOREIGN KEY (`teacher_id`) REFERENCES `teachers` (`teacher_id`) ON DELETE CASCADE;

--
-- Constraints for table `assignments`
--
ALTER TABLE `assignments`
  ADD CONSTRAINT `assignments_ibfk_1` FOREIGN KEY (`course_id`) REFERENCES `courses` (`course_id`) ON DELETE CASCADE;

--
-- Constraints for table `assignment_submissions`
--
ALTER TABLE `assignment_submissions`
  ADD CONSTRAINT `assignment_submissions_ibfk_1` FOREIGN KEY (`assignment_id`) REFERENCES `assignments` (`assignment_id`) ON DELETE CASCADE,
  ADD CONSTRAINT `assignment_submissions_ibfk_2` FOREIGN KEY (`student_id`) REFERENCES `students` (`student_id`) ON DELETE CASCADE;

--
-- Constraints for table `class_schedules`
--
ALTER TABLE `class_schedules`
  ADD CONSTRAINT `class_schedules_ibfk_1` FOREIGN KEY (`course_id`) REFERENCES `courses` (`course_id`) ON DELETE CASCADE;

--
-- Constraints for table `courses`
--
ALTER TABLE `courses`
  ADD CONSTRAINT `courses_ibfk_1` FOREIGN KEY (`teacher_id`) REFERENCES `teachers` (`teacher_id`) ON DELETE CASCADE,
  ADD CONSTRAINT `courses_ibfk_2` FOREIGN KEY (`subject_id`) REFERENCES `subjects` (`subject_id`) ON DELETE SET NULL;

--
-- Constraints for table `notifications`
--
ALTER TABLE `notifications`
  ADD CONSTRAINT `notifications_ibfk_1` FOREIGN KEY (`user_id`) REFERENCES `users` (`id`) ON DELETE CASCADE;

--
-- Constraints for table `students`
--
ALTER TABLE `students`
  ADD CONSTRAINT `students_ibfk_1` FOREIGN KEY (`user_id`) REFERENCES `users` (`id`) ON DELETE CASCADE;

--
-- Constraints for table `student_courses`
--
ALTER TABLE `student_courses`
  ADD CONSTRAINT `student_courses_ibfk_1` FOREIGN KEY (`student_id`) REFERENCES `students` (`student_id`) ON DELETE CASCADE,
  ADD CONSTRAINT `student_courses_ibfk_2` FOREIGN KEY (`course_id`) REFERENCES `courses` (`course_id`) ON DELETE CASCADE;

--
-- Constraints for table `subjects`
--
ALTER TABLE `subjects`
  ADD CONSTRAINT `subjects_ibfk_1` FOREIGN KEY (`grade_id`) REFERENCES `grades` (`grade_id`) ON DELETE SET NULL;

--
-- Constraints for table `teachers`
--
ALTER TABLE `teachers`
  ADD CONSTRAINT `teachers_ibfk_1` FOREIGN KEY (`user_id`) REFERENCES `users` (`id`) ON DELETE CASCADE;

--
-- Constraints for table `teacher_subjects`
--
ALTER TABLE `teacher_subjects`
  ADD CONSTRAINT `teacher_subjects_ibfk_1` FOREIGN KEY (`teacher_id`) REFERENCES `teachers` (`teacher_id`) ON DELETE CASCADE,
  ADD CONSTRAINT `teacher_subjects_ibfk_2` FOREIGN KEY (`subject_id`) REFERENCES `subjects` (`subject_id`) ON DELETE CASCADE;
--
-- Database: `booking_system`
--
CREATE DATABASE IF NOT EXISTS `booking_system` DEFAULT CHARACTER SET utf8mb4 COLLATE utf8mb4_general_ci;
USE `booking_system`;

-- --------------------------------------------------------

--
-- Table structure for table `bookings`
--

CREATE TABLE `bookings` (
  `id` int(11) NOT NULL,
  `booking_reference` varchar(20) NOT NULL,
  `customer_id` int(11) DEFAULT NULL,
  `service_id` int(11) DEFAULT NULL,
  `booking_date` date NOT NULL,
  `start_time` time NOT NULL,
  `end_time` time NOT NULL,
  `number_of_people` int(11) DEFAULT 1,
  `special_requests` text DEFAULT NULL,
  `status` enum('pending','confirmed','cancelled','completed') DEFAULT 'pending',
  `calendar_event_id` varchar(255) DEFAULT NULL,
  `created_at` timestamp NOT NULL DEFAULT current_timestamp(),
  `updated_at` timestamp NOT NULL DEFAULT current_timestamp() ON UPDATE current_timestamp()
) ENGINE=InnoDB DEFAULT CHARSET=utf8mb4 COLLATE=utf8mb4_general_ci;

-- --------------------------------------------------------

--
-- Table structure for table `notifications`
--

CREATE TABLE `notifications` (
  `id` int(11) NOT NULL,
  `user_id` int(11) DEFAULT NULL,
  `type` enum('email','sms','app') DEFAULT NULL,
  `subject` varchar(255) DEFAULT NULL,
  `message` text DEFAULT NULL,
  `is_sent` tinyint(1) DEFAULT 0,
  `sent_at` timestamp NULL DEFAULT NULL,
  `created_at` timestamp NOT NULL DEFAULT current_timestamp()
) ENGINE=InnoDB DEFAULT CHARSET=utf8mb4 COLLATE=utf8mb4_general_ci;

-- --------------------------------------------------------

--
-- Table structure for table `payments`
--

CREATE TABLE `payments` (
  `id` int(11) NOT NULL,
  `booking_id` int(11) DEFAULT NULL,
  `amount` decimal(10,2) NOT NULL,
  `payment_method` enum('mtn_momo','cash','card') DEFAULT 'mtn_momo',
  `transaction_id` varchar(100) DEFAULT NULL,
  `status` enum('pending','completed','failed','refunded') DEFAULT 'pending',
  `payment_date` timestamp NULL DEFAULT NULL,
  `created_at` timestamp NOT NULL DEFAULT current_timestamp()
) ENGINE=InnoDB DEFAULT CHARSET=utf8mb4 COLLATE=utf8mb4_general_ci;

-- --------------------------------------------------------

--
-- Table structure for table `services`
--

CREATE TABLE `services` (
  `id` int(11) NOT NULL,
  `name` varchar(100) NOT NULL,
  `description` text DEFAULT NULL,
  `duration_minutes` int(11) DEFAULT 60,
  `price` decimal(10,2) DEFAULT NULL,
  `business_type` enum('hotel','restaurant','clinic','salon') DEFAULT NULL,
  `is_active` tinyint(1) DEFAULT 1,
  `created_at` timestamp NOT NULL DEFAULT current_timestamp()
) ENGINE=InnoDB DEFAULT CHARSET=utf8mb4 COLLATE=utf8mb4_general_ci;

--
-- Dumping data for table `services`
--

INSERT INTO `services` (`id`, `name`, `description`, `duration_minutes`, `price`, `business_type`, `is_active`, `created_at`) VALUES
(1, 'Standard Room', 'Comfortable standard room with basic amenities', 60, 100.00, 'hotel', 1, '2025-09-25 22:08:38'),
(2, 'Dinner Reservation', 'Table for 2-4 people', 60, 0.00, 'restaurant', 1, '2025-09-25 22:08:38'),
(3, 'Medical Checkup', 'General health examination', 60, 50.00, 'clinic', 1, '2025-09-25 22:08:38'),
(4, 'Haircut', 'Professional haircut and styling', 60, 25.00, 'salon', 1, '2025-09-25 22:08:38');

-- --------------------------------------------------------

--
-- Table structure for table `users`
--

CREATE TABLE `users` (
  `id` int(11) NOT NULL,
  `name` varchar(100) NOT NULL,
  `email` varchar(100) NOT NULL,
  `password` varchar(255) NOT NULL,
  `phone` varchar(20) DEFAULT NULL,
  `user_type` enum('customer','admin','staff') DEFAULT 'customer',
  `created_at` timestamp NOT NULL DEFAULT current_timestamp(),
  `updated_at` timestamp NOT NULL DEFAULT current_timestamp() ON UPDATE current_timestamp()
) ENGINE=InnoDB DEFAULT CHARSET=utf8mb4 COLLATE=utf8mb4_general_ci;

--
-- Dumping data for table `users`
--

INSERT INTO `users` (`id`, `name`, `email`, `password`, `phone`, `user_type`, `created_at`, `updated_at`) VALUES
(2, 'System Admin', 'admin@bookingsystem.com', '$2y$10$92IXUNpkjO0rOQ5byMi.Ye4oKoEa3Ro9llC/.og/at2.uheWG/igi', NULL, 'admin', '2025-09-25 22:14:41', '2025-09-25 22:14:41'),
(3, 'james', 'james@gmail.com', '$2y$10$O4bkHUwRZEnKvySZ7vgwdOs6ZcFGh113Q/ybUGsLz78H8p2e1UJmK', '0201952402', 'customer', '2025-09-26 08:00:30', '2025-09-26 08:00:30');

--
-- Indexes for dumped tables
--

--
-- Indexes for table `bookings`
--
ALTER TABLE `bookings`
  ADD PRIMARY KEY (`id`),
  ADD UNIQUE KEY `booking_reference` (`booking_reference`),
  ADD KEY `customer_id` (`customer_id`),
  ADD KEY `service_id` (`service_id`);

--
-- Indexes for table `notifications`
--
ALTER TABLE `notifications`
  ADD PRIMARY KEY (`id`),
  ADD KEY `user_id` (`user_id`);

--
-- Indexes for table `payments`
--
ALTER TABLE `payments`
  ADD PRIMARY KEY (`id`),
  ADD KEY `booking_id` (`booking_id`);

--
-- Indexes for table `services`
--
ALTER TABLE `services`
  ADD PRIMARY KEY (`id`);

--
-- Indexes for table `users`
--
ALTER TABLE `users`
  ADD PRIMARY KEY (`id`),
  ADD UNIQUE KEY `email` (`email`);

--
-- AUTO_INCREMENT for dumped tables
--

--
-- AUTO_INCREMENT for table `bookings`
--
ALTER TABLE `bookings`
  MODIFY `id` int(11) NOT NULL AUTO_INCREMENT;

--
-- AUTO_INCREMENT for table `notifications`
--
ALTER TABLE `notifications`
  MODIFY `id` int(11) NOT NULL AUTO_INCREMENT;

--
-- AUTO_INCREMENT for table `payments`
--
ALTER TABLE `payments`
  MODIFY `id` int(11) NOT NULL AUTO_INCREMENT;

--
-- AUTO_INCREMENT for table `services`
--
ALTER TABLE `services`
  MODIFY `id` int(11) NOT NULL AUTO_INCREMENT, AUTO_INCREMENT=5;

--
-- AUTO_INCREMENT for table `users`
--
ALTER TABLE `users`
  MODIFY `id` int(11) NOT NULL AUTO_INCREMENT, AUTO_INCREMENT=4;

--
-- Constraints for dumped tables
--

--
-- Constraints for table `bookings`
--
ALTER TABLE `bookings`
  ADD CONSTRAINT `bookings_ibfk_1` FOREIGN KEY (`customer_id`) REFERENCES `users` (`id`) ON DELETE CASCADE,
  ADD CONSTRAINT `bookings_ibfk_2` FOREIGN KEY (`service_id`) REFERENCES `services` (`id`) ON DELETE CASCADE;

--
-- Constraints for table `notifications`
--
ALTER TABLE `notifications`
  ADD CONSTRAINT `notifications_ibfk_1` FOREIGN KEY (`user_id`) REFERENCES `users` (`id`) ON DELETE CASCADE;

--
-- Constraints for table `payments`
--
ALTER TABLE `payments`
  ADD CONSTRAINT `payments_ibfk_1` FOREIGN KEY (`booking_id`) REFERENCES `bookings` (`id`) ON DELETE CASCADE;
--
-- Database: `dhltu`
--
CREATE DATABASE IF NOT EXISTS `dhltu` DEFAULT CHARACTER SET utf8mb4 COLLATE utf8mb4_general_ci;
USE `dhltu`;

-- --------------------------------------------------------

--
-- Table structure for table `admin`
--

CREATE TABLE `admin` (
  `id` int(11) NOT NULL,
  `username` varchar(50) NOT NULL,
  `password` varchar(255) NOT NULL
) ENGINE=InnoDB DEFAULT CHARSET=utf8mb4 COLLATE=utf8mb4_general_ci;

--
-- Dumping data for table `admin`
--

INSERT INTO `admin` (`id`, `username`, `password`) VALUES
(1, 'admin', 'f865b53623b121fd34ee5426c792e5c33af8c227');

-- --------------------------------------------------------

--
-- Table structure for table `events`
--

CREATE TABLE `events` (
  `id` int(11) NOT NULL,
  `title` varchar(200) NOT NULL,
  `description` text NOT NULL,
  `event_date` date NOT NULL
) ENGINE=InnoDB DEFAULT CHARSET=utf8mb4 COLLATE=utf8mb4_general_ci;

-- --------------------------------------------------------

--
-- Table structure for table `news`
--

CREATE TABLE `news` (
  `id` int(11) NOT NULL,
  `title` varchar(200) NOT NULL,
  `content` text NOT NULL,
  `date` date NOT NULL
) ENGINE=InnoDB DEFAULT CHARSET=utf8mb4 COLLATE=utf8mb4_general_ci;

-- --------------------------------------------------------

--
-- Table structure for table `programs`
--

CREATE TABLE `programs` (
  `id` int(11) NOT NULL,
  `faculty` varchar(100) NOT NULL,
  `department` varchar(100) NOT NULL,
  `name` varchar(100) NOT NULL,
  `duration` varchar(50) NOT NULL,
  `description` text DEFAULT NULL
) ENGINE=InnoDB DEFAULT CHARSET=utf8mb4 COLLATE=utf8mb4_general_ci;

-- --------------------------------------------------------

--
-- Table structure for table `publications`
--

CREATE TABLE `publications` (
  `id` int(11) NOT NULL,
  `title` varchar(200) NOT NULL,
  `author` varchar(100) NOT NULL,
  `year` year(4) NOT NULL,
  `file_path` varchar(200) NOT NULL
) ENGINE=InnoDB DEFAULT CHARSET=utf8mb4 COLLATE=utf8mb4_general_ci;

-- --------------------------------------------------------

--
-- Table structure for table `students`
--

CREATE TABLE `students` (
  `id` int(11) NOT NULL,
  `student_id` varchar(20) NOT NULL,
  `name` varchar(100) NOT NULL,
  `email` varchar(100) NOT NULL,
  `program` varchar(100) NOT NULL,
  `admission_year` year(4) NOT NULL
) ENGINE=InnoDB DEFAULT CHARSET=utf8mb4 COLLATE=utf8mb4_general_ci;

--
-- Indexes for dumped tables
--

--
-- Indexes for table `admin`
--
ALTER TABLE `admin`
  ADD PRIMARY KEY (`id`),
  ADD UNIQUE KEY `username` (`username`);

--
-- Indexes for table `events`
--
ALTER TABLE `events`
  ADD PRIMARY KEY (`id`);

--
-- Indexes for table `news`
--
ALTER TABLE `news`
  ADD PRIMARY KEY (`id`);

--
-- Indexes for table `programs`
--
ALTER TABLE `programs`
  ADD PRIMARY KEY (`id`);

--
-- Indexes for table `publications`
--
ALTER TABLE `publications`
  ADD PRIMARY KEY (`id`);

--
-- Indexes for table `students`
--
ALTER TABLE `students`
  ADD PRIMARY KEY (`id`),
  ADD UNIQUE KEY `student_id` (`student_id`);

--
-- AUTO_INCREMENT for dumped tables
--

--
-- AUTO_INCREMENT for table `admin`
--
ALTER TABLE `admin`
  MODIFY `id` int(11) NOT NULL AUTO_INCREMENT, AUTO_INCREMENT=2;

--
-- AUTO_INCREMENT for table `events`
--
ALTER TABLE `events`
  MODIFY `id` int(11) NOT NULL AUTO_INCREMENT;

--
-- AUTO_INCREMENT for table `news`
--
ALTER TABLE `news`
  MODIFY `id` int(11) NOT NULL AUTO_INCREMENT;

--
-- AUTO_INCREMENT for table `programs`
--
ALTER TABLE `programs`
  MODIFY `id` int(11) NOT NULL AUTO_INCREMENT;

--
-- AUTO_INCREMENT for table `publications`
--
ALTER TABLE `publications`
  MODIFY `id` int(11) NOT NULL AUTO_INCREMENT;

--
-- AUTO_INCREMENT for table `students`
--
ALTER TABLE `students`
  MODIFY `id` int(11) NOT NULL AUTO_INCREMENT;
--
-- Database: `dhltu_db`
--
CREATE DATABASE IF NOT EXISTS `dhltu_db` DEFAULT CHARACTER SET utf8mb4 COLLATE utf8mb4_general_ci;
USE `dhltu_db`;

-- --------------------------------------------------------

--
-- Table structure for table `admin`
--

CREATE TABLE `admin` (
  `id` int(11) NOT NULL,
  `username` varchar(50) NOT NULL,
  `password` varchar(255) NOT NULL,
  `created_at` timestamp NOT NULL DEFAULT current_timestamp()
) ENGINE=InnoDB DEFAULT CHARSET=utf8mb4 COLLATE=utf8mb4_general_ci;

--
-- Dumping data for table `admin`
--

INSERT INTO `admin` (`id`, `username`, `password`, `created_at`) VALUES
(1, 'admin', '$2y$10$92IXUNpkjO0rOQ5byMi.Ye4oKoEa3Ro9llC/.og/at2.uheWG/igi', '2025-09-03 17:32:15');

-- --------------------------------------------------------

--
-- Table structure for table `events`
--

CREATE TABLE `events` (
  `id` int(11) NOT NULL,
  `title` varchar(200) NOT NULL,
  `description` text NOT NULL,
  `event_date` date NOT NULL,
  `created_at` timestamp NOT NULL DEFAULT current_timestamp()
) ENGINE=InnoDB DEFAULT CHARSET=utf8mb4 COLLATE=utf8mb4_general_ci;

-- --------------------------------------------------------

--
-- Table structure for table `news`
--

CREATE TABLE `news` (
  `id` int(11) NOT NULL,
  `title` varchar(200) NOT NULL,
  `content` text NOT NULL,
  `date` date NOT NULL,
  `created_at` timestamp NOT NULL DEFAULT current_timestamp()
) ENGINE=InnoDB DEFAULT CHARSET=utf8mb4 COLLATE=utf8mb4_general_ci;

-- --------------------------------------------------------

--
-- Table structure for table `programs`
--

CREATE TABLE `programs` (
  `id` int(11) NOT NULL,
  `faculty` varchar(100) NOT NULL,
  `department` varchar(100) NOT NULL,
  `name` varchar(200) NOT NULL,
  `duration` varchar(50) NOT NULL,
  `description` text DEFAULT NULL,
  `created_at` timestamp NOT NULL DEFAULT current_timestamp()
) ENGINE=InnoDB DEFAULT CHARSET=utf8mb4 COLLATE=utf8mb4_general_ci;

-- --------------------------------------------------------

--
-- Table structure for table `publications`
--

CREATE TABLE `publications` (
  `id` int(11) NOT NULL,
  `title` varchar(200) NOT NULL,
  `author` varchar(200) NOT NULL,
  `year` year(4) NOT NULL,
  `file_path` varchar(200) NOT NULL,
  `created_at` timestamp NOT NULL DEFAULT current_timestamp()
) ENGINE=InnoDB DEFAULT CHARSET=utf8mb4 COLLATE=utf8mb4_general_ci;

-- --------------------------------------------------------

--
-- Table structure for table `students`
--

CREATE TABLE `students` (
  `id` int(11) NOT NULL,
  `student_id` varchar(20) NOT NULL,
  `name` varchar(100) NOT NULL,
  `email` varchar(100) NOT NULL,
  `program` varchar(100) NOT NULL,
  `admission_year` year(4) NOT NULL,
  `created_at` timestamp NOT NULL DEFAULT current_timestamp()
) ENGINE=InnoDB DEFAULT CHARSET=utf8mb4 COLLATE=utf8mb4_general_ci;

--
-- Indexes for dumped tables
--

--
-- Indexes for table `admin`
--
ALTER TABLE `admin`
  ADD PRIMARY KEY (`id`),
  ADD UNIQUE KEY `username` (`username`);

--
-- Indexes for table `events`
--
ALTER TABLE `events`
  ADD PRIMARY KEY (`id`);

--
-- Indexes for table `news`
--
ALTER TABLE `news`
  ADD PRIMARY KEY (`id`);

--
-- Indexes for table `programs`
--
ALTER TABLE `programs`
  ADD PRIMARY KEY (`id`);

--
-- Indexes for table `publications`
--
ALTER TABLE `publications`
  ADD PRIMARY KEY (`id`);

--
-- Indexes for table `students`
--
ALTER TABLE `students`
  ADD PRIMARY KEY (`id`),
  ADD UNIQUE KEY `student_id` (`student_id`),
  ADD UNIQUE KEY `email` (`email`);

--
-- AUTO_INCREMENT for dumped tables
--

--
-- AUTO_INCREMENT for table `admin`
--
ALTER TABLE `admin`
  MODIFY `id` int(11) NOT NULL AUTO_INCREMENT, AUTO_INCREMENT=2;

--
-- AUTO_INCREMENT for table `events`
--
ALTER TABLE `events`
  MODIFY `id` int(11) NOT NULL AUTO_INCREMENT;

--
-- AUTO_INCREMENT for table `news`
--
ALTER TABLE `news`
  MODIFY `id` int(11) NOT NULL AUTO_INCREMENT;

--
-- AUTO_INCREMENT for table `programs`
--
ALTER TABLE `programs`
  MODIFY `id` int(11) NOT NULL AUTO_INCREMENT;

--
-- AUTO_INCREMENT for table `publications`
--
ALTER TABLE `publications`
  MODIFY `id` int(11) NOT NULL AUTO_INCREMENT;

--
-- AUTO_INCREMENT for table `students`
--
ALTER TABLE `students`
  MODIFY `id` int(11) NOT NULL AUTO_INCREMENT;
--
-- Database: `finance`
--
CREATE DATABASE IF NOT EXISTS `finance` DEFAULT CHARACTER SET utf8mb4 COLLATE utf8mb4_general_ci;
USE `finance`;

-- --------------------------------------------------------

--
-- Table structure for table `budgets`
--

CREATE TABLE `budgets` (
  `id` int(11) NOT NULL,
  `user_id` int(11) NOT NULL,
  `category_id` int(11) NOT NULL,
  `amount` decimal(10,2) NOT NULL,
  `month_year` date NOT NULL,
  `created_at` timestamp NOT NULL DEFAULT current_timestamp()
) ENGINE=InnoDB DEFAULT CHARSET=utf8mb4 COLLATE=utf8mb4_general_ci;

--
-- Dumping data for table `budgets`
--

INSERT INTO `budgets` (`id`, `user_id`, `category_id`, `amount`, `month_year`, `created_at`) VALUES
(1, 2, 5, 500.00, '2024-02-01', '2025-10-06 14:00:21'),
(2, 2, 6, 200.00, '2024-02-01', '2025-10-06 14:00:21'),
(3, 2, 8, 150.00, '2024-02-01', '2025-10-06 14:00:21'),
(4, 3, 5, 300.00, '2024-02-01', '2025-10-06 14:00:21'),
(5, 3, 7, 100.00, '2024-02-01', '2025-10-06 14:00:21');

-- --------------------------------------------------------

--
-- Table structure for table `categories`
--

CREATE TABLE `categories` (
  `id` int(11) NOT NULL,
  `name` varchar(100) NOT NULL,
  `type` enum('income','expense') NOT NULL,
  `color` varchar(7) DEFAULT '#007bff',
  `user_id` int(11) DEFAULT NULL,
  `created_at` timestamp NOT NULL DEFAULT current_timestamp()
) ENGINE=InnoDB DEFAULT CHARSET=utf8mb4 COLLATE=utf8mb4_general_ci;

--
-- Dumping data for table `categories`
--

INSERT INTO `categories` (`id`, `name`, `type`, `color`, `user_id`, `created_at`) VALUES
(1, 'Salary', 'income', '#28a745', NULL, '2025-10-06 14:00:20'),
(2, 'Freelance', 'income', '#20c997', NULL, '2025-10-06 14:00:20'),
(3, 'Investment', 'income', '#17a2b8', NULL, '2025-10-06 14:00:20'),
(4, 'Gift', 'income', '#6f42c1', NULL, '2025-10-06 14:00:20'),
(5, 'Food', 'expense', '#dc3545', NULL, '2025-10-06 14:00:20'),
(6, 'Transportation', 'expense', '#fd7e14', NULL, '2025-10-06 14:00:20'),
(7, 'Entertainment', 'expense', '#e83e8c', NULL, '2025-10-06 14:00:20'),
(8, 'Utilities', 'expense', '#6c757d', NULL, '2025-10-06 14:00:20'),
(9, 'Rent', 'expense', '#343a40', NULL, '2025-10-06 14:00:20'),
(10, 'Healthcare', 'expense', '#007bff', NULL, '2025-10-06 14:00:20');

-- --------------------------------------------------------

--
-- Table structure for table `expenses`
--

CREATE TABLE `expenses` (
  `id` int(11) NOT NULL,
  `user_id` int(11) NOT NULL,
  `category_id` int(11) NOT NULL,
  `amount` decimal(10,2) NOT NULL,
  `description` text DEFAULT NULL,
  `expense_date` date NOT NULL,
  `created_at` timestamp NOT NULL DEFAULT current_timestamp()
) ENGINE=InnoDB DEFAULT CHARSET=utf8mb4 COLLATE=utf8mb4_general_ci;

--
-- Dumping data for table `expenses`
--

INSERT INTO `expenses` (`id`, `user_id`, `category_id`, `amount`, `description`, `expense_date`, `created_at`) VALUES
(1, 2, 5, 150.00, 'Groceries', '2024-02-01', '2025-10-06 14:00:21'),
(2, 2, 5, 200.00, 'Restaurant Dinner', '2024-02-05', '2025-10-06 14:00:21'),
(3, 2, 6, 80.00, 'Gas', '2024-02-10', '2025-10-06 14:00:21'),
(4, 2, 8, 120.00, 'Electricity Bill', '2024-02-12', '2025-10-06 14:00:21'),
(5, 2, 9, 1200.00, 'Monthly Rent', '2024-02-01', '2025-10-06 14:00:21'),
(6, 3, 5, 100.00, 'Supermarket', '2024-02-03', '2025-10-06 14:00:21'),
(7, 3, 7, 50.00, 'Movie Tickets', '2024-02-08', '2025-10-06 14:00:21'),
(8, 3, 10, 75.00, 'Doctor Visit', '2024-02-15', '2025-10-06 14:00:21');

-- --------------------------------------------------------

--
-- Table structure for table `income`
--

CREATE TABLE `income` (
  `id` int(11) NOT NULL,
  `user_id` int(11) NOT NULL,
  `category_id` int(11) NOT NULL,
  `amount` decimal(10,2) NOT NULL,
  `description` text DEFAULT NULL,
  `income_date` date NOT NULL,
  `created_at` timestamp NOT NULL DEFAULT current_timestamp()
) ENGINE=InnoDB DEFAULT CHARSET=utf8mb4 COLLATE=utf8mb4_general_ci;

--
-- Dumping data for table `income`
--

INSERT INTO `income` (`id`, `user_id`, `category_id`, `amount`, `description`, `income_date`, `created_at`) VALUES
(1, 2, 1, 3000.00, 'Monthly Salary', '2024-01-15', '2025-10-06 14:00:21'),
(2, 2, 1, 3000.00, 'Monthly Salary', '2024-02-15', '2025-10-06 14:00:21'),
(3, 2, 2, 500.00, 'Freelance Project', '2024-02-20', '2025-10-06 14:00:21'),
(4, 3, 1, 4000.00, 'Monthly Salary', '2024-01-20', '2025-10-06 14:00:21'),
(5, 3, 3, 250.00, 'Stock Dividends', '2024-02-01', '2025-10-06 14:00:21');

-- --------------------------------------------------------

--
-- Table structure for table `notifications`
--

CREATE TABLE `notifications` (
  `id` int(11) NOT NULL,
  `user_id` int(11) NOT NULL,
  `message` text NOT NULL,
  `type` enum('info','warning','success','danger') DEFAULT 'info',
  `is_read` tinyint(1) DEFAULT 0,
  `created_at` timestamp NOT NULL DEFAULT current_timestamp()
) ENGINE=InnoDB DEFAULT CHARSET=utf8mb4 COLLATE=utf8mb4_general_ci;

--
-- Dumping data for table `notifications`
--

INSERT INTO `notifications` (`id`, `user_id`, `message`, `type`, `is_read`, `created_at`) VALUES
(1, 2, 'Welcome to Finance Manager! Start tracking your income and expenses.', 'info', 0, '2025-10-06 14:00:21'),
(2, 2, 'Budget alert: You have exceeded your Food budget for this month.', 'warning', 0, '2025-10-06 14:00:21'),
(3, 3, 'Your expense report for January is ready to view.', 'success', 0, '2025-10-06 14:00:21');

-- --------------------------------------------------------

--
-- Table structure for table `users`
--

CREATE TABLE `users` (
  `id` int(11) NOT NULL,
  `username` varchar(50) NOT NULL,
  `email` varchar(100) NOT NULL,
  `password` varchar(255) NOT NULL,
  `role` enum('admin','user') DEFAULT 'user',
  `created_at` timestamp NOT NULL DEFAULT current_timestamp(),
  `is_active` tinyint(1) DEFAULT 1
) ENGINE=InnoDB DEFAULT CHARSET=utf8mb4 COLLATE=utf8mb4_general_ci;

--
-- Dumping data for table `users`
--

INSERT INTO `users` (`id`, `username`, `email`, `password`, `role`, `created_at`, `is_active`) VALUES
(1, 'admin', 'admin@finance.com', '$2y$10$92IXUNpkjO0rOQ5byMi.Ye4oKoEa3Ro9llC/.og/at2.uheWG/igi', 'admin', '2025-10-06 14:00:20', 1),
(2, 'john_doe', 'john@example.com', '$2y$10$92IXUNpkjO0rOQ5byMi.Ye4oKoEa3Ro9llC/.og/at2.uheWG/igi', 'user', '2025-10-06 14:00:21', 1),
(3, 'jane_smith', 'jane@example.com', '$2y$10$92IXUNpkjO0rOQ5byMi.Ye4oKoEa3Ro9llC/.og/at2.uheWG/igi', 'user', '2025-10-06 14:00:21', 1);

--
-- Indexes for dumped tables
--

--
-- Indexes for table `budgets`
--
ALTER TABLE `budgets`
  ADD PRIMARY KEY (`id`),
  ADD KEY `user_id` (`user_id`),
  ADD KEY `category_id` (`category_id`);

--
-- Indexes for table `categories`
--
ALTER TABLE `categories`
  ADD PRIMARY KEY (`id`),
  ADD KEY `user_id` (`user_id`);

--
-- Indexes for table `expenses`
--
ALTER TABLE `expenses`
  ADD PRIMARY KEY (`id`),
  ADD KEY `user_id` (`user_id`),
  ADD KEY `category_id` (`category_id`);

--
-- Indexes for table `income`
--
ALTER TABLE `income`
  ADD PRIMARY KEY (`id`),
  ADD KEY `user_id` (`user_id`),
  ADD KEY `category_id` (`category_id`);

--
-- Indexes for table `notifications`
--
ALTER TABLE `notifications`
  ADD PRIMARY KEY (`id`),
  ADD KEY `user_id` (`user_id`);

--
-- Indexes for table `users`
--
ALTER TABLE `users`
  ADD PRIMARY KEY (`id`),
  ADD UNIQUE KEY `username` (`username`),
  ADD UNIQUE KEY `email` (`email`);

--
-- AUTO_INCREMENT for dumped tables
--

--
-- AUTO_INCREMENT for table `budgets`
--
ALTER TABLE `budgets`
  MODIFY `id` int(11) NOT NULL AUTO_INCREMENT, AUTO_INCREMENT=6;

--
-- AUTO_INCREMENT for table `categories`
--
ALTER TABLE `categories`
  MODIFY `id` int(11) NOT NULL AUTO_INCREMENT, AUTO_INCREMENT=11;

--
-- AUTO_INCREMENT for table `expenses`
--
ALTER TABLE `expenses`
  MODIFY `id` int(11) NOT NULL AUTO_INCREMENT, AUTO_INCREMENT=9;

--
-- AUTO_INCREMENT for table `income`
--
ALTER TABLE `income`
  MODIFY `id` int(11) NOT NULL AUTO_INCREMENT, AUTO_INCREMENT=6;

--
-- AUTO_INCREMENT for table `notifications`
--
ALTER TABLE `notifications`
  MODIFY `id` int(11) NOT NULL AUTO_INCREMENT, AUTO_INCREMENT=4;

--
-- AUTO_INCREMENT for table `users`
--
ALTER TABLE `users`
  MODIFY `id` int(11) NOT NULL AUTO_INCREMENT, AUTO_INCREMENT=4;

--
-- Constraints for dumped tables
--

--
-- Constraints for table `budgets`
--
ALTER TABLE `budgets`
  ADD CONSTRAINT `budgets_ibfk_1` FOREIGN KEY (`user_id`) REFERENCES `users` (`id`) ON DELETE CASCADE,
  ADD CONSTRAINT `budgets_ibfk_2` FOREIGN KEY (`category_id`) REFERENCES `categories` (`id`);

--
-- Constraints for table `categories`
--
ALTER TABLE `categories`
  ADD CONSTRAINT `categories_ibfk_1` FOREIGN KEY (`user_id`) REFERENCES `users` (`id`) ON DELETE CASCADE;

--
-- Constraints for table `expenses`
--
ALTER TABLE `expenses`
  ADD CONSTRAINT `expenses_ibfk_1` FOREIGN KEY (`user_id`) REFERENCES `users` (`id`) ON DELETE CASCADE,
  ADD CONSTRAINT `expenses_ibfk_2` FOREIGN KEY (`category_id`) REFERENCES `categories` (`id`);

--
-- Constraints for table `income`
--
ALTER TABLE `income`
  ADD CONSTRAINT `income_ibfk_1` FOREIGN KEY (`user_id`) REFERENCES `users` (`id`) ON DELETE CASCADE,
  ADD CONSTRAINT `income_ibfk_2` FOREIGN KEY (`category_id`) REFERENCES `categories` (`id`);

--
-- Constraints for table `notifications`
--
ALTER TABLE `notifications`
  ADD CONSTRAINT `notifications_ibfk_1` FOREIGN KEY (`user_id`) REFERENCES `users` (`id`) ON DELETE CASCADE;
--
-- Database: `phpmyadmin`
--
CREATE DATABASE IF NOT EXISTS `phpmyadmin` DEFAULT CHARACTER SET utf8 COLLATE utf8_bin;
USE `phpmyadmin`;

-- --------------------------------------------------------

--
-- Table structure for table `pma__bookmark`
--

CREATE TABLE `pma__bookmark` (
  `id` int(10) UNSIGNED NOT NULL,
  `dbase` varchar(255) NOT NULL DEFAULT '',
  `user` varchar(255) NOT NULL DEFAULT '',
  `label` varchar(255) CHARACTER SET utf8 COLLATE utf8_general_ci NOT NULL DEFAULT '',
  `query` text NOT NULL
) ENGINE=InnoDB DEFAULT CHARSET=utf8 COLLATE=utf8_bin COMMENT='Bookmarks';

-- --------------------------------------------------------

--
-- Table structure for table `pma__central_columns`
--

CREATE TABLE `pma__central_columns` (
  `db_name` varchar(64) NOT NULL,
  `col_name` varchar(64) NOT NULL,
  `col_type` varchar(64) NOT NULL,
  `col_length` text DEFAULT NULL,
  `col_collation` varchar(64) NOT NULL,
  `col_isNull` tinyint(1) NOT NULL,
  `col_extra` varchar(255) DEFAULT '',
  `col_default` text DEFAULT NULL
) ENGINE=InnoDB DEFAULT CHARSET=utf8 COLLATE=utf8_bin COMMENT='Central list of columns';

-- --------------------------------------------------------

--
-- Table structure for table `pma__column_info`
--

CREATE TABLE `pma__column_info` (
  `id` int(5) UNSIGNED NOT NULL,
  `db_name` varchar(64) NOT NULL DEFAULT '',
  `table_name` varchar(64) NOT NULL DEFAULT '',
  `column_name` varchar(64) NOT NULL DEFAULT '',
  `comment` varchar(255) CHARACTER SET utf8 COLLATE utf8_general_ci NOT NULL DEFAULT '',
  `mimetype` varchar(255) CHARACTER SET utf8 COLLATE utf8_general_ci NOT NULL DEFAULT '',
  `transformation` varchar(255) NOT NULL DEFAULT '',
  `transformation_options` varchar(255) NOT NULL DEFAULT '',
  `input_transformation` varchar(255) NOT NULL DEFAULT '',
  `input_transformation_options` varchar(255) NOT NULL DEFAULT ''
) ENGINE=InnoDB DEFAULT CHARSET=utf8 COLLATE=utf8_bin COMMENT='Column information for phpMyAdmin';

-- --------------------------------------------------------

--
-- Table structure for table `pma__designer_settings`
--

CREATE TABLE `pma__designer_settings` (
  `username` varchar(64) NOT NULL,
  `settings_data` text NOT NULL
) ENGINE=InnoDB DEFAULT CHARSET=utf8 COLLATE=utf8_bin COMMENT='Settings related to Designer';

-- --------------------------------------------------------

--
-- Table structure for table `pma__export_templates`
--

CREATE TABLE `pma__export_templates` (
  `id` int(5) UNSIGNED NOT NULL,
  `username` varchar(64) NOT NULL,
  `export_type` varchar(10) NOT NULL,
  `template_name` varchar(64) NOT NULL,
  `template_data` text NOT NULL
) ENGINE=InnoDB DEFAULT CHARSET=utf8 COLLATE=utf8_bin COMMENT='Saved export templates';

-- --------------------------------------------------------

--
-- Table structure for table `pma__favorite`
--

CREATE TABLE `pma__favorite` (
  `username` varchar(64) NOT NULL,
  `tables` text NOT NULL
) ENGINE=InnoDB DEFAULT CHARSET=utf8 COLLATE=utf8_bin COMMENT='Favorite tables';

-- --------------------------------------------------------

--
-- Table structure for table `pma__history`
--

CREATE TABLE `pma__history` (
  `id` bigint(20) UNSIGNED NOT NULL,
  `username` varchar(64) NOT NULL DEFAULT '',
  `db` varchar(64) NOT NULL DEFAULT '',
  `table` varchar(64) NOT NULL DEFAULT '',
  `timevalue` timestamp NOT NULL DEFAULT current_timestamp(),
  `sqlquery` text NOT NULL
) ENGINE=InnoDB DEFAULT CHARSET=utf8 COLLATE=utf8_bin COMMENT='SQL history for phpMyAdmin';

-- --------------------------------------------------------

--
-- Table structure for table `pma__navigationhiding`
--

CREATE TABLE `pma__navigationhiding` (
  `username` varchar(64) NOT NULL,
  `item_name` varchar(64) NOT NULL,
  `item_type` varchar(64) NOT NULL,
  `db_name` varchar(64) NOT NULL,
  `table_name` varchar(64) NOT NULL
) ENGINE=InnoDB DEFAULT CHARSET=utf8 COLLATE=utf8_bin COMMENT='Hidden items of navigation tree';

-- --------------------------------------------------------

--
-- Table structure for table `pma__pdf_pages`
--

CREATE TABLE `pma__pdf_pages` (
  `db_name` varchar(64) NOT NULL DEFAULT '',
  `page_nr` int(10) UNSIGNED NOT NULL,
  `page_descr` varchar(50) CHARACTER SET utf8 COLLATE utf8_general_ci NOT NULL DEFAULT ''
) ENGINE=InnoDB DEFAULT CHARSET=utf8 COLLATE=utf8_bin COMMENT='PDF relation pages for phpMyAdmin';

-- --------------------------------------------------------

--
-- Table structure for table `pma__recent`
--

CREATE TABLE `pma__recent` (
  `username` varchar(64) NOT NULL,
  `tables` text NOT NULL
) ENGINE=InnoDB DEFAULT CHARSET=utf8 COLLATE=utf8_bin COMMENT='Recently accessed tables';

--
-- Dumping data for table `pma__recent`
--

INSERT INTO `pma__recent` (`username`, `tables`) VALUES
('root', '[{\"db\":\"summit_academy\",\"table\":\"applications\"},{\"db\":\"university_db\",\"table\":\"programs\"},{\"db\":\"university_db\",\"table\":\"users\"},{\"db\":\"university_db\",\"table\":\"applications\"}]');

-- --------------------------------------------------------

--
-- Table structure for table `pma__relation`
--

CREATE TABLE `pma__relation` (
  `master_db` varchar(64) NOT NULL DEFAULT '',
  `master_table` varchar(64) NOT NULL DEFAULT '',
  `master_field` varchar(64) NOT NULL DEFAULT '',
  `foreign_db` varchar(64) NOT NULL DEFAULT '',
  `foreign_table` varchar(64) NOT NULL DEFAULT '',
  `foreign_field` varchar(64) NOT NULL DEFAULT ''
) ENGINE=InnoDB DEFAULT CHARSET=utf8 COLLATE=utf8_bin COMMENT='Relation table';

-- --------------------------------------------------------

--
-- Table structure for table `pma__savedsearches`
--

CREATE TABLE `pma__savedsearches` (
  `id` int(5) UNSIGNED NOT NULL,
  `username` varchar(64) NOT NULL DEFAULT '',
  `db_name` varchar(64) NOT NULL DEFAULT '',
  `search_name` varchar(64) NOT NULL DEFAULT '',
  `search_data` text NOT NULL
) ENGINE=InnoDB DEFAULT CHARSET=utf8 COLLATE=utf8_bin COMMENT='Saved searches';

-- --------------------------------------------------------

--
-- Table structure for table `pma__table_coords`
--

CREATE TABLE `pma__table_coords` (
  `db_name` varchar(64) NOT NULL DEFAULT '',
  `table_name` varchar(64) NOT NULL DEFAULT '',
  `pdf_page_number` int(11) NOT NULL DEFAULT 0,
  `x` float UNSIGNED NOT NULL DEFAULT 0,
  `y` float UNSIGNED NOT NULL DEFAULT 0
) ENGINE=InnoDB DEFAULT CHARSET=utf8 COLLATE=utf8_bin COMMENT='Table coordinates for phpMyAdmin PDF output';

-- --------------------------------------------------------

--
-- Table structure for table `pma__table_info`
--

CREATE TABLE `pma__table_info` (
  `db_name` varchar(64) NOT NULL DEFAULT '',
  `table_name` varchar(64) NOT NULL DEFAULT '',
  `display_field` varchar(64) NOT NULL DEFAULT ''
) ENGINE=InnoDB DEFAULT CHARSET=utf8 COLLATE=utf8_bin COMMENT='Table information for phpMyAdmin';

-- --------------------------------------------------------

--
-- Table structure for table `pma__table_uiprefs`
--

CREATE TABLE `pma__table_uiprefs` (
  `username` varchar(64) NOT NULL,
  `db_name` varchar(64) NOT NULL,
  `table_name` varchar(64) NOT NULL,
  `prefs` text NOT NULL,
  `last_update` timestamp NOT NULL DEFAULT current_timestamp() ON UPDATE current_timestamp()
) ENGINE=InnoDB DEFAULT CHARSET=utf8 COLLATE=utf8_bin COMMENT='Tables'' UI preferences';

-- --------------------------------------------------------

--
-- Table structure for table `pma__tracking`
--

CREATE TABLE `pma__tracking` (
  `db_name` varchar(64) NOT NULL,
  `table_name` varchar(64) NOT NULL,
  `version` int(10) UNSIGNED NOT NULL,
  `date_created` datetime NOT NULL,
  `date_updated` datetime NOT NULL,
  `schema_snapshot` text NOT NULL,
  `schema_sql` text DEFAULT NULL,
  `data_sql` longtext DEFAULT NULL,
  `tracking` set('UPDATE','REPLACE','INSERT','DELETE','TRUNCATE','CREATE DATABASE','ALTER DATABASE','DROP DATABASE','CREATE TABLE','ALTER TABLE','RENAME TABLE','DROP TABLE','CREATE INDEX','DROP INDEX','CREATE VIEW','ALTER VIEW','DROP VIEW') DEFAULT NULL,
  `tracking_active` int(1) UNSIGNED NOT NULL DEFAULT 1
) ENGINE=InnoDB DEFAULT CHARSET=utf8 COLLATE=utf8_bin COMMENT='Database changes tracking for phpMyAdmin';

-- --------------------------------------------------------

--
-- Table structure for table `pma__userconfig`
--

CREATE TABLE `pma__userconfig` (
  `username` varchar(64) NOT NULL,
  `timevalue` timestamp NOT NULL DEFAULT current_timestamp() ON UPDATE current_timestamp(),
  `config_data` text NOT NULL
) ENGINE=InnoDB DEFAULT CHARSET=utf8 COLLATE=utf8_bin COMMENT='User preferences storage for phpMyAdmin';

--
-- Dumping data for table `pma__userconfig`
--

INSERT INTO `pma__userconfig` (`username`, `timevalue`, `config_data`) VALUES
('root', '2025-09-01 11:35:33', '{\"Console\\/Mode\":\"collapse\"}');

-- --------------------------------------------------------

--
-- Table structure for table `pma__usergroups`
--

CREATE TABLE `pma__usergroups` (
  `usergroup` varchar(64) NOT NULL,
  `tab` varchar(64) NOT NULL,
  `allowed` enum('Y','N') NOT NULL DEFAULT 'N'
) ENGINE=InnoDB DEFAULT CHARSET=utf8 COLLATE=utf8_bin COMMENT='User groups with configured menu items';

-- --------------------------------------------------------

--
-- Table structure for table `pma__users`
--

CREATE TABLE `pma__users` (
  `username` varchar(64) NOT NULL,
  `usergroup` varchar(64) NOT NULL
) ENGINE=InnoDB DEFAULT CHARSET=utf8 COLLATE=utf8_bin COMMENT='Users and their assignments to user groups';

--
-- Indexes for dumped tables
--

--
-- Indexes for table `pma__bookmark`
--
ALTER TABLE `pma__bookmark`
  ADD PRIMARY KEY (`id`);

--
-- Indexes for table `pma__central_columns`
--
ALTER TABLE `pma__central_columns`
  ADD PRIMARY KEY (`db_name`,`col_name`);

--
-- Indexes for table `pma__column_info`
--
ALTER TABLE `pma__column_info`
  ADD PRIMARY KEY (`id`),
  ADD UNIQUE KEY `db_name` (`db_name`,`table_name`,`column_name`);

--
-- Indexes for table `pma__designer_settings`
--
ALTER TABLE `pma__designer_settings`
  ADD PRIMARY KEY (`username`);

--
-- Indexes for table `pma__export_templates`
--
ALTER TABLE `pma__export_templates`
  ADD PRIMARY KEY (`id`),
  ADD UNIQUE KEY `u_user_type_template` (`username`,`export_type`,`template_name`);

--
-- Indexes for table `pma__favorite`
--
ALTER TABLE `pma__favorite`
  ADD PRIMARY KEY (`username`);

--
-- Indexes for table `pma__history`
--
ALTER TABLE `pma__history`
  ADD PRIMARY KEY (`id`),
  ADD KEY `username` (`username`,`db`,`table`,`timevalue`);

--
-- Indexes for table `pma__navigationhiding`
--
ALTER TABLE `pma__navigationhiding`
  ADD PRIMARY KEY (`username`,`item_name`,`item_type`,`db_name`,`table_name`);

--
-- Indexes for table `pma__pdf_pages`
--
ALTER TABLE `pma__pdf_pages`
  ADD PRIMARY KEY (`page_nr`),
  ADD KEY `db_name` (`db_name`);

--
-- Indexes for table `pma__recent`
--
ALTER TABLE `pma__recent`
  ADD PRIMARY KEY (`username`);

--
-- Indexes for table `pma__relation`
--
ALTER TABLE `pma__relation`
  ADD PRIMARY KEY (`master_db`,`master_table`,`master_field`),
  ADD KEY `foreign_field` (`foreign_db`,`foreign_table`);

--
-- Indexes for table `pma__savedsearches`
--
ALTER TABLE `pma__savedsearches`
  ADD PRIMARY KEY (`id`),
  ADD UNIQUE KEY `u_savedsearches_username_dbname` (`username`,`db_name`,`search_name`);

--
-- Indexes for table `pma__table_coords`
--
ALTER TABLE `pma__table_coords`
  ADD PRIMARY KEY (`db_name`,`table_name`,`pdf_page_number`);

--
-- Indexes for table `pma__table_info`
--
ALTER TABLE `pma__table_info`
  ADD PRIMARY KEY (`db_name`,`table_name`);

--
-- Indexes for table `pma__table_uiprefs`
--
ALTER TABLE `pma__table_uiprefs`
  ADD PRIMARY KEY (`username`,`db_name`,`table_name`);

--
-- Indexes for table `pma__tracking`
--
ALTER TABLE `pma__tracking`
  ADD PRIMARY KEY (`db_name`,`table_name`,`version`);

--
-- Indexes for table `pma__userconfig`
--
ALTER TABLE `pma__userconfig`
  ADD PRIMARY KEY (`username`);

--
-- Indexes for table `pma__usergroups`
--
ALTER TABLE `pma__usergroups`
  ADD PRIMARY KEY (`usergroup`,`tab`,`allowed`);

--
-- Indexes for table `pma__users`
--
ALTER TABLE `pma__users`
  ADD PRIMARY KEY (`username`,`usergroup`);

--
-- AUTO_INCREMENT for dumped tables
--

--
-- AUTO_INCREMENT for table `pma__bookmark`
--
ALTER TABLE `pma__bookmark`
  MODIFY `id` int(10) UNSIGNED NOT NULL AUTO_INCREMENT;

--
-- AUTO_INCREMENT for table `pma__column_info`
--
ALTER TABLE `pma__column_info`
  MODIFY `id` int(5) UNSIGNED NOT NULL AUTO_INCREMENT;

--
-- AUTO_INCREMENT for table `pma__export_templates`
--
ALTER TABLE `pma__export_templates`
  MODIFY `id` int(5) UNSIGNED NOT NULL AUTO_INCREMENT;

--
-- AUTO_INCREMENT for table `pma__history`
--
ALTER TABLE `pma__history`
  MODIFY `id` bigint(20) UNSIGNED NOT NULL AUTO_INCREMENT;

--
-- AUTO_INCREMENT for table `pma__pdf_pages`
--
ALTER TABLE `pma__pdf_pages`
  MODIFY `page_nr` int(10) UNSIGNED NOT NULL AUTO_INCREMENT;

--
-- AUTO_INCREMENT for table `pma__savedsearches`
--
ALTER TABLE `pma__savedsearches`
  MODIFY `id` int(5) UNSIGNED NOT NULL AUTO_INCREMENT;
--
-- Database: `schooligniter`
--
CREATE DATABASE IF NOT EXISTS `schooligniter` DEFAULT CHARACTER SET utf8mb4 COLLATE utf8mb4_general_ci;
USE `schooligniter`;

-- --------------------------------------------------------

--
-- Table structure for table `acd_history`
--

CREATE TABLE `acd_history` (
  `id` int(11) NOT NULL,
  `student_id` int(11) NOT NULL,
  `examtype` longtext NOT NULL,
  `group` longtext NOT NULL,
  `board` longtext NOT NULL,
  `passing_yr` longtext NOT NULL,
  `special_mark` longtext NOT NULL,
  `ttl_mark` longtext NOT NULL,
  `date` date NOT NULL
) ENGINE=InnoDB DEFAULT CHARSET=utf8 COLLATE=utf8_unicode_ci;

-- --------------------------------------------------------

--
-- Table structure for table `acd_session`
--

CREATE TABLE `acd_session` (
  `id` int(11) NOT NULL,
  `name` longtext NOT NULL,
  `is_dt` longtext DEFAULT NULL,
  `is_open` int(1) NOT NULL,
  `strt_dt` date DEFAULT NULL,
  `end_dt` longtext DEFAULT NULL
) ENGINE=InnoDB DEFAULT CHARSET=utf8 COLLATE=utf8_unicode_ci;

--
-- Dumping data for table `acd_session`
--

INSERT INTO `acd_session` (`id`, `name`, `is_dt`, `is_open`, `strt_dt`, `end_dt`) VALUES
(8, '2021-23', NULL, 1, '2021-09-16', '2023-01-18');

-- --------------------------------------------------------

--
-- Table structure for table `admin`
--

CREATE TABLE `admin` (
  `admin_id` int(11) NOT NULL,
  `name` longtext NOT NULL,
  `email` longtext NOT NULL,
  `password` longtext NOT NULL,
  `level` longtext NOT NULL
) ENGINE=InnoDB DEFAULT CHARSET=utf8 COLLATE=utf8_unicode_ci;

--
-- Dumping data for table `admin`
--

INSERT INTO `admin` (`admin_id`, `name`, `email`, `password`, `level`) VALUES
(1, 'School Admin', 'admin@mail.com', 'Password@123', '1');

-- --------------------------------------------------------

--
-- Table structure for table `attendance`
--

CREATE TABLE `attendance` (
  `attendance_id` int(11) NOT NULL,
  `status` int(11) NOT NULL COMMENT '0 undefined , 1 present , 2  absent',
  `student_id` int(11) NOT NULL,
  `date` date NOT NULL
) ENGINE=InnoDB DEFAULT CHARSET=latin1 COLLATE=latin1_swedish_ci;

--
-- Dumping data for table `attendance`
--

INSERT INTO `attendance` (`attendance_id`, `status`, `student_id`, `date`) VALUES
(1, 1, 1, '2015-12-10'),
(2, 0, 1, '2015-12-11'),
(3, 0, 1, '2016-01-23'),
(4, 0, 1, '2016-01-30'),
(5, 0, 1, '2020-03-12'),
(6, 1, 1, '2022-03-12'),
(7, 1, 1, '2021-11-20'),
(8, 2, 3, '2022-03-12'),
(9, 2, 4, '2022-03-12'),
(10, 2, 5, '2022-03-12'),
(11, 2, 6, '2022-03-12'),
(12, 2, 7, '2022-03-12'),
(13, 2, 8, '2022-03-12'),
(14, 2, 9, '2022-03-12'),
(15, 1, 1, '2022-03-13'),
(16, 2, 2, '2022-03-13'),
(17, 1, 12, '2022-03-13'),
(18, 1, 10, '2022-03-13'),
(19, 1, 11, '2022-03-13'),
(20, 1, 14, '2022-03-13'),
(21, 1, 3, '2022-03-13'),
(22, 1, 4, '2022-03-13'),
(23, 1, 5, '2022-03-13'),
(24, 1, 6, '2022-03-13'),
(25, 2, 7, '2022-03-13'),
(26, 1, 8, '2022-03-13'),
(27, 1, 9, '2022-03-13'),
(28, 2, 13, '2022-03-13'),
(29, 0, 3, '2020-03-13'),
(30, 0, 4, '2020-03-13'),
(31, 0, 5, '2020-03-13'),
(32, 0, 6, '2020-03-13'),
(33, 0, 7, '2020-03-13'),
(34, 0, 8, '2020-03-13'),
(35, 0, 9, '2020-03-13'),
(36, 0, 13, '2020-03-13');

-- --------------------------------------------------------

--
-- Table structure for table `book`
--

CREATE TABLE `book` (
  `book_id` int(11) NOT NULL,
  `name` longtext NOT NULL,
  `description` longtext NOT NULL,
  `author` longtext NOT NULL,
  `class_id` longtext NOT NULL,
  `status` longtext NOT NULL,
  `price` longtext NOT NULL
) ENGINE=InnoDB DEFAULT CHARSET=utf8 COLLATE=utf8_unicode_ci;

--
-- Dumping data for table `book`
--

INSERT INTO `book` (`book_id`, `name`, `description`, `author`, `class_id`, `status`, `price`) VALUES
(1, 'LBook One', 'Desc-0078', 'AuthorOne', '4', 'available', '11'),
(2, 'LBook Two', 'Desc-0089', 'AuthorTwo', '4', 'available', '13'),
(3, 'LBook Three', 'Desc-0118', 'AuthorThree', '5', 'available', '19');

-- --------------------------------------------------------

--
-- Table structure for table `ci_sessions`
--

CREATE TABLE `ci_sessions` (
  `id` varchar(40) NOT NULL,
  `ip_address` varchar(45) NOT NULL,
  `timestamp` int(10) UNSIGNED NOT NULL DEFAULT 0,
  `data` blob NOT NULL
) ENGINE=InnoDB DEFAULT CHARSET=utf8 COLLATE=utf8_unicode_ci;

--
-- Dumping data for table `ci_sessions`
--

INSERT INTO `ci_sessions` (`id`, `ip_address`, `timestamp`, `data`) VALUES
('015a447db4fe344d43edf6564aae2d2593dd256a', '::1', 1647185186, 0x5f5f63695f6c6173745f726567656e65726174657c693a313634373138343838363b61646d696e5f6c6f67696e7c733a313a2231223b61646d696e5f69647c733a313a2231223b6c6f67696e5f757365725f69647c733a313a2231223b6e616d657c733a31323a225363686f6f6c2041646d696e223b6c6f67696e5f747970657c733a353a2261646d696e223b666c6173685f6d6573736167657c733a31323a22446174612055706461746564223b5f5f63695f766172737c613a313a7b733a31333a22666c6173685f6d657373616765223b733a333a226f6c64223b7d),
('069e633497eee7c923270723f19db79465c067fa', '::1', 1647185342, 0x5f5f63695f6c6173745f726567656e65726174657c693a313634373138353139303b61646d696e5f6c6f67696e7c733a313a2231223b61646d696e5f69647c733a313a2231223b6c6f67696e5f757365725f69647c733a313a2231223b6e616d657c733a31323a225363686f6f6c2041646d696e223b6c6f67696e5f747970657c733a353a2261646d696e223b),
('151ab4a89340bbd00fb529eaa5d2bc389c9b0c10', '::1', 1647187510, 0x5f5f63695f6c6173745f726567656e65726174657c693a313634373138373531303b61646d696e5f6c6f67696e7c733a313a2231223b61646d696e5f69647c733a313a2231223b6c6f67696e5f757365725f69647c733a313a2231223b6e616d657c733a31323a225363686f6f6c2041646d696e223b6c6f67696e5f747970657c733a353a2261646d696e223b),
('175357b91aa5c3204100dd81a8bd6368264262de', '::1', 1647190226, 0x5f5f63695f6c6173745f726567656e65726174657c693a313634373139303231383b61646d696e5f6c6f67696e7c733a313a2231223b61646d696e5f69647c733a313a2231223b6c6f67696e5f757365725f69647c733a313a2231223b6e616d657c733a31323a225363686f6f6c2041646d696e223b6c6f67696e5f747970657c733a353a2261646d696e223b),
('23520caef99625591f10f7666b851d0ad54c3ef7', '::1', 1647192530, 0x5f5f63695f6c6173745f726567656e65726174657c693a313634373139323531393b61646d696e5f6c6f67696e7c733a313a2231223b61646d696e5f69647c733a313a2231223b6c6f67696e5f757365725f69647c733a313a2231223b6e616d657c733a31323a225363686f6f6c2041646d696e223b6c6f67696e5f747970657c733a353a2261646d696e223b),
('2c40f7068539d979e160afcdcdb00ff75d54fe14', '::1', 1647192169, 0x5f5f63695f6c6173745f726567656e65726174657c693a313634373139323136393b61646d696e5f6c6f67696e7c733a313a2231223b61646d696e5f69647c733a313a2231223b6c6f67696e5f757365725f69647c733a313a2231223b6e616d657c733a31323a225363686f6f6c2041646d696e223b6c6f67696e5f747970657c733a353a2261646d696e223b),
('38a5d9b737daa7c28de7d700ee1198f72485db04', '::1', 1647185870, 0x5f5f63695f6c6173745f726567656e65726174657c693a313634373138353837303b61646d696e5f6c6f67696e7c733a313a2231223b61646d696e5f69647c733a313a2231223b6c6f67696e5f757365725f69647c733a313a2231223b6e616d657c733a31323a225363686f6f6c2041646d696e223b6c6f67696e5f747970657c733a353a2261646d696e223b),
('4a90461d244f1154968e1b5bcc32e47ce151a99e', '::1', 1647186182, 0x5f5f63695f6c6173745f726567656e65726174657c693a313634373138363138323b61646d696e5f6c6f67696e7c733a313a2231223b61646d696e5f69647c733a313a2231223b6c6f67696e5f757365725f69647c733a313a2231223b6e616d657c733a31323a225363686f6f6c2041646d696e223b6c6f67696e5f747970657c733a353a2261646d696e223b),
('52905d700a8471a35d7895c0cd2f6b3d7308e6db', '::1', 1647188235, 0x5f5f63695f6c6173745f726567656e65726174657c693a313634373138383136373b61646d696e5f6c6f67696e7c733a313a2231223b61646d696e5f69647c733a313a2231223b6c6f67696e5f757365725f69647c733a313a2231223b6e616d657c733a31323a225363686f6f6c2041646d696e223b6c6f67696e5f747970657c733a353a2261646d696e223b),
('5cff6777d93669a43ac96d84da8890ac4a075c80', '::1', 1647185509, 0x5f5f63695f6c6173745f726567656e65726174657c693a313634373138353530393b61646d696e5f6c6f67696e7c733a313a2231223b61646d696e5f69647c733a313a2231223b6c6f67696e5f757365725f69647c733a313a2231223b6e616d657c733a31323a225363686f6f6c2041646d696e223b6c6f67696e5f747970657c733a353a2261646d696e223b),
('679d5e08bbaa49ddade499b2eeab617df29a97ac', '::1', 1647191205, 0x5f5f63695f6c6173745f726567656e65726174657c693a313634373139303932393b61646d696e5f6c6f67696e7c733a313a2231223b61646d696e5f69647c733a313a2231223b6c6f67696e5f757365725f69647c733a313a2231223b6e616d657c733a31323a225363686f6f6c2041646d696e223b6c6f67696e5f747970657c733a353a2261646d696e223b),
('718ba56c5d55fda016c965f2e9a2e9707aaab9bd', '::1', 1647187201, 0x5f5f63695f6c6173745f726567656e65726174657c693a313634373138373230313b61646d696e5f6c6f67696e7c733a313a2231223b61646d696e5f69647c733a313a2231223b6c6f67696e5f757365725f69647c733a313a2231223b6e616d657c733a31323a225363686f6f6c2041646d696e223b6c6f67696e5f747970657c733a353a2261646d696e223b),
('72e4408f94dc6f73b479366c690c2e63d81030c5', '::1', 1647186886, 0x5f5f63695f6c6173745f726567656e65726174657c693a313634373138363838363b61646d696e5f6c6f67696e7c733a313a2231223b61646d696e5f69647c733a313a2231223b6c6f67696e5f757365725f69647c733a313a2231223b6e616d657c733a31323a225363686f6f6c2041646d696e223b6c6f67696e5f747970657c733a353a2261646d696e223b),
('8eb4ab20034c4a321bc58e7f449544bac3ab5d87', '::1', 1647190212, 0x5f5f63695f6c6173745f726567656e65726174657c693a313634373139303231323b),
('96f3b6c494acd5ae18899787b6ed15a4bacceb12', '::1', 1647193514, 0x5f5f63695f6c6173745f726567656e65726174657c693a313634373139333233383b61646d696e5f6c6f67696e7c733a313a2231223b61646d696e5f69647c733a313a2231223b6c6f67696e5f757365725f69647c733a313a2231223b6e616d657c733a31323a225363686f6f6c2041646d696e223b6c6f67696e5f747970657c733a353a2261646d696e223b),
('9e3709b39226d15cccb0fe48db1dcb9b7b553a37', '::1', 1647191875, 0x5f5f63695f6c6173745f726567656e65726174657c693a313634373139313836343b61646d696e5f6c6f67696e7c733a313a2231223b61646d696e5f69647c733a313a2231223b6c6f67696e5f757365725f69647c733a313a2231223b6e616d657c733a31323a225363686f6f6c2041646d696e223b6c6f67696e5f747970657c733a353a2261646d696e223b),
('b89e0ab65aec725ea8dc940e6e192763dfca6abc', '::1', 1647191294, 0x5f5f63695f6c6173745f726567656e65726174657c693a313634373139313235363b61646d696e5f6c6f67696e7c733a313a2231223b61646d696e5f69647c733a313a2231223b6c6f67696e5f757365725f69647c733a313a2231223b6e616d657c733a31323a225363686f6f6c2041646d696e223b6c6f67696e5f747970657c733a353a2261646d696e223b),
('cda5d9f2bfd783de391975c2db21753fcfa3f1c1', '::1', 1647190853, 0x5f5f63695f6c6173745f726567656e65726174657c693a313634373139303536313b61646d696e5f6c6f67696e7c733a313a2231223b61646d696e5f69647c733a313a2231223b6c6f67696e5f757365725f69647c733a313a2231223b6e616d657c733a31323a225363686f6f6c2041646d696e223b6c6f67696e5f747970657c733a353a2261646d696e223b),
('d0d5647e0b256d126adab84cb6d5ccdac26c885b', '::1', 1647188122, 0x5f5f63695f6c6173745f726567656e65726174657c693a313634373138373833323b61646d696e5f6c6f67696e7c733a313a2231223b61646d696e5f69647c733a313a2231223b6c6f67696e5f757365725f69647c733a313a2231223b6e616d657c733a31323a225363686f6f6c2041646d696e223b6c6f67696e5f747970657c733a353a2261646d696e223b),
('d52ebb202d44fa445af5213a663fe933264f4464', '::1', 1647191686, 0x5f5f63695f6c6173745f726567656e65726174657c693a313634373139313536303b61646d696e5f6c6f67696e7c733a313a2231223b61646d696e5f69647c733a313a2231223b6c6f67696e5f757365725f69647c733a313a2231223b6e616d657c733a31323a225363686f6f6c2041646d696e223b6c6f67696e5f747970657c733a353a2261646d696e223b),
('d8aeefa4c13b11b8109dfd92696c9b3f0461c1ac', '::1', 1647186567, 0x5f5f63695f6c6173745f726567656e65726174657c693a313634373138363536373b61646d696e5f6c6f67696e7c733a313a2231223b61646d696e5f69647c733a313a2231223b6c6f67696e5f757365725f69647c733a313a2231223b6e616d657c733a31323a225363686f6f6c2041646d696e223b6c6f67696e5f747970657c733a353a2261646d696e223b),
('e00b325a73b5296971ecd69beb21e6945a3af4d4', '::1', 1647194267, 0x5f5f63695f6c6173745f726567656e65726174657c693a313634373139343236373b),
('e5048a7148c52caa5ab5600047a36668a660faab', '::1', 1647192926, 0x5f5f63695f6c6173745f726567656e65726174657c693a313634373139323932363b),
('ec2e698310a2203b3880f86c1e008a67939ab6e2', '::1', 1647192921, 0x5f5f63695f6c6173745f726567656e65726174657c693a313634373139323932313b);

-- --------------------------------------------------------

--
-- Table structure for table `class`
--

CREATE TABLE `class` (
  `class_id` int(11) NOT NULL,
  `name` longtext NOT NULL,
  `name_numeric` longtext NOT NULL,
  `teacher_id` int(11) NOT NULL
) ENGINE=InnoDB DEFAULT CHARSET=utf8 COLLATE=utf8_unicode_ci;

--
-- Dumping data for table `class`
--

INSERT INTO `class` (`class_id`, `name`, `name_numeric`, `teacher_id`) VALUES
(2, 'Class-9', '09', 2),
(3, 'Class-8', '08', 3),
(4, 'Class-7', '07', 3),
(5, 'Class 10', '10', 8);

-- --------------------------------------------------------

--
-- Table structure for table `class_routine`
--

CREATE TABLE `class_routine` (
  `class_routine_id` int(11) NOT NULL,
  `class_id` int(11) NOT NULL,
  `subject_id` int(11) NOT NULL,
  `time_start` int(11) NOT NULL,
  `time_end` int(11) NOT NULL,
  `day` longtext NOT NULL
) ENGINE=InnoDB DEFAULT CHARSET=utf8 COLLATE=utf8_unicode_ci;

--
-- Dumping data for table `class_routine`
--

INSERT INTO `class_routine` (`class_routine_id`, `class_id`, `subject_id`, `time_start`, `time_end`, `day`) VALUES
(1, 2, 3, 10, 11, 'Sunday'),
(2, 2, 4, 11, 12, 'Sunday'),
(3, 2, 3, 10, 11, 'monday'),
(4, 5, 7, 10, 11, 'sunday'),
(5, 5, 8, 11, 24, 'sunday'),
(6, 5, 9, 13, 14, 'sunday'),
(7, 5, 10, 10, 11, 'monday');

-- --------------------------------------------------------

--
-- Table structure for table `document`
--

CREATE TABLE `document` (
  `document_id` int(11) NOT NULL,
  `title` longtext NOT NULL,
  `description` longtext NOT NULL,
  `file_name` longtext NOT NULL,
  `file_type` longtext NOT NULL,
  `class_id` longtext NOT NULL,
  `teacher_id` int(11) NOT NULL,
  `timestamp` longtext NOT NULL
) ENGINE=MyISAM DEFAULT CHARSET=utf8 COLLATE=utf8_unicode_ci;

-- --------------------------------------------------------

--
-- Table structure for table `dormitory`
--

CREATE TABLE `dormitory` (
  `dormitory_id` int(11) NOT NULL,
  `name` longtext NOT NULL,
  `number_of_room` longtext NOT NULL,
  `description` longtext NOT NULL
) ENGINE=MyISAM DEFAULT CHARSET=utf8 COLLATE=utf8_unicode_ci;

--
-- Dumping data for table `dormitory`
--

INSERT INTO `dormitory` (`dormitory_id`, `name`, `number_of_room`, `description`) VALUES
(1, 'Boys Hostel B', '16', 'Hostel for Boys - B'),
(2, 'Boys Hostel A', '31', 'Hostel for Boys - A'),
(3, 'Girls Hostel A', '25', 'Hostel for Girls - A');

-- --------------------------------------------------------

--
-- Table structure for table `exam`
--

CREATE TABLE `exam` (
  `exam_id` int(11) NOT NULL,
  `name` longtext NOT NULL,
  `date` longtext NOT NULL,
  `comment` longtext NOT NULL
) ENGINE=InnoDB DEFAULT CHARSET=utf8 COLLATE=utf8_unicode_ci;

--
-- Dumping data for table `exam`
--

INSERT INTO `exam` (`exam_id`, `name`, `date`, `comment`) VALUES
(1, 'First Terminal Examination', '11/18/2021', 'none'),
(2, 'Second Terminal Examination', '03/15/2022', 'none'),
(3, 'Third Terminal Examination', '07/30/2022', 'none'),
(4, 'Final Examination', '12/16/2022', 'none');

-- --------------------------------------------------------

--
-- Table structure for table `expense_category`
--

CREATE TABLE `expense_category` (
  `expense_category_id` int(11) NOT NULL,
  `name` longtext NOT NULL
) ENGINE=InnoDB DEFAULT CHARSET=utf8 COLLATE=utf8_unicode_ci;

--
-- Dumping data for table `expense_category`
--

INSERT INTO `expense_category` (`expense_category_id`, `name`) VALUES
(1, 'Teacher Salary'),
(2, 'Classroom Equipments'),
(3, 'Classroom Decorations'),
(4, 'Inventory Purchase'),
(5, 'Exam Accessories');

-- --------------------------------------------------------

--
-- Table structure for table `grade`
--

CREATE TABLE `grade` (
  `grade_id` int(11) NOT NULL,
  `name` longtext NOT NULL,
  `grade_point` longtext NOT NULL,
  `mark_from` int(11) NOT NULL,
  `mark_upto` int(11) NOT NULL,
  `comment` longtext NOT NULL
) ENGINE=InnoDB DEFAULT CHARSET=utf8 COLLATE=utf8_unicode_ci;

--
-- Dumping data for table `grade`
--

INSERT INTO `grade` (`grade_id`, `name`, `grade_point`, `mark_from`, `mark_upto`, `comment`) VALUES
(1, 'A+', '5', 91, 100, 'Excellent'),
(2, 'A', '4', 81, 90, 'Very Good'),
(3, 'A-', '3', 71, 80, 'Good'),
(4, 'B', '2', 61, 70, 'Okay'),
(5, 'C', '1', 51, 60, 'Need Improvement'),
(6, 'F', '0', 0, 50, 'Fail');

-- --------------------------------------------------------

--
-- Table structure for table `invoice`
--

CREATE TABLE `invoice` (
  `invoice_id` int(11) NOT NULL,
  `student_id` int(11) NOT NULL,
  `title` longtext NOT NULL,
  `description` longtext NOT NULL,
  `amount` int(11) NOT NULL,
  `amount_paid` longtext NOT NULL,
  `due` longtext NOT NULL,
  `creation_timestamp` int(11) NOT NULL,
  `payment_timestamp` longtext NOT NULL,
  `payment_method` longtext NOT NULL,
  `payment_details` longtext NOT NULL,
  `status` longtext NOT NULL COMMENT 'paid or unpaid'
) ENGINE=MyISAM DEFAULT CHARSET=utf8 COLLATE=utf8_unicode_ci;

--
-- Dumping data for table `invoice`
--

INSERT INTO `invoice` (`invoice_id`, `student_id`, `title`, `description`, `amount`, `amount_paid`, `due`, `creation_timestamp`, `payment_timestamp`, `payment_method`, `payment_details`, `status`) VALUES
(1, 1, 'Monthly Fee', 'none', 850, '850', '0', 1449702000, '', '', '', 'paid'),
(2, 3, 'Monthly Payment', 'Payment for the month - Feb', 990, '0', '990', 1646089200, '', '', '', 'unpaid'),
(3, 10, 'Monthly Fees - Feb', 'Fees collection for the month of February', 770, '770', '0', 1646002800, '', '', '', 'paid'),
(4, 5, 'Monthly Fees', 'Fees collection for the month February', 990, '990', '0', 1646002800, '', '', '', 'paid'),
(5, 12, 'Monthly Fees - Feb', 'Fees Collection for the month February', 850, '0', '850', 1646002800, '', '', '', 'unpaid'),
(6, 9, 'Monthly Fees', 'none', 990, '990', '0', 1646002800, '', '', '', 'paid');

-- --------------------------------------------------------

--
-- Table structure for table `language`
--

CREATE TABLE `language` (
  `phrase_id` int(11) NOT NULL,
  `phrase` longtext NOT NULL,
  `english` longtext NOT NULL,
  `bengali` longtext NOT NULL,
  `spanish` longtext NOT NULL,
  `arabic` longtext NOT NULL,
  `dutch` longtext NOT NULL,
  `russian` longtext NOT NULL,
  `chinese` longtext NOT NULL,
  `turkish` longtext NOT NULL,
  `portuguese` longtext NOT NULL,
  `hungarian` longtext NOT NULL,
  `french` longtext NOT NULL,
  `greek` longtext NOT NULL,
  `german` longtext NOT NULL,
  `italian` longtext NOT NULL,
  `thai` longtext NOT NULL,
  `urdu` longtext NOT NULL,
  `hindi` longtext NOT NULL,
  `latin` longtext NOT NULL,
  `indonesian` longtext NOT NULL,
  `japanese` longtext NOT NULL,
  `korean` longtext NOT NULL
) ENGINE=MyISAM DEFAULT CHARSET=utf8 COLLATE=utf8_unicode_ci;

--
-- Dumping data for table `language`
--

INSERT INTO `language` (`phrase_id`, `phrase`, `english`, `bengali`, `spanish`, `arabic`, `dutch`, `russian`, `chinese`, `turkish`, `portuguese`, `hungarian`, `french`, `greek`, `german`, `italian`, `thai`, `urdu`, `hindi`, `latin`, `indonesian`, `japanese`, `korean`) VALUES
(1, 'login', 'login', '', 'login', '', 'login', '', '', 'giri', 'login', 'bejelentkezs', 'Connexion', '', 'Login', 'login', '', ' ', '', 'login', 'login', '', ''),
(2, 'account_type', 'account type', ' ', 'tipo de cuenta', ' ', 'type account', ' ', '', 'hesap tr', 'tipo de conta', 'fik tpust', 'Type de compte', '   ', 'Kontotyp', 'tipo di account', '', '  ', ' ', 'propter speciem', 'Jenis akun', '', ' '),
(3, 'admin', 'admin', '', 'administracin', '', 'admin', '', '', 'ynetim', 'administrador', 'admin', 'administrateur', ' admin', 'Admin', 'Admin', '', '', '', 'Lorem ipsum dolor sit', 'admin', '', ''),
(4, 'teacher', 'teacher', '', 'profesor', '', 'leraar', '', '', 'retmen', 'professor', 'tanr', 'professeur', '', 'Lehrer', 'insegnante', '', '', '', 'Magister', 'guru', '', ''),
(5, 'student', 'student', '', 'estudiante', '', 'student', '', '', 'renci', 'estudante', 'dik', 'tudiant', '', 'Schler', 'studente', '', ' ', '', 'discipulo', 'mahasiswa', '', ''),
(6, 'parent', 'parent', '  ', 'padre', '', 'ouder', '', '', 'ebeveyn', 'parente', 'szl', 'mre', ' ', 'Elternteil', 'genitore', '', '', ' - ', 'parente', 'induk', '', ''),
(7, 'email', 'email', '', 'email', ' ', 'e-mail', '  ', '', 'E-posta', 'e-mail', 'E-mail', 'email', 'e-mail', 'E-Mail-', 'e-mail', '', ' ', '', 'email', 'email', '', ''),
(8, 'password', 'password', '', 'contrasea', ' ', 'wachtwoord', '', '', 'ifre', 'senha', 'jelsz', 'mot de passe', ' ', 'Passwort', 'password', '', '', '', 'Signum', 'kata sandi', '', ''),
(9, 'forgot_password ?', 'forgot password ?', '  ?', 'Olvid su contrasea?', '  ', 'wachtwoord vergeten?', ' ?', '', 'ifremi unuttum?', 'Esqueceu a senha?', 'Elfelejtett jelsz?', 'Mot de passe oubli?', '  ;', 'Passwort vergessen?', 'dimenticato la password?', '', '   ', '  ?', 'oblitus esne verbi?', 'lupa password?', '', '  ?'),
(10, 'reset_password', 'reset password', ' ', 'restablecer la contrasea', '   ', 'reset wachtwoord', ' ', '', 'ifrenizi sfrlamak', 'redefinir a senha', 'Jelsz visszalltsa', 'rinitialiser le mot de passe', '   ', 'Kennwort zurcksetzen', 'reimpostare la password', '', '   ', ' ', 'Duis adipiscing', 'reset password', '', ' '),
(11, 'reset', 'reset', ' ', 'reajustar', ' ', 'reset', '', '', 'ayarlamak', 'restabelecer', 'vissza', 'remettre', '', 'rcksetzen', 'reset', '', ' ', ' ', 'Duis', 'ulang', '', ''),
(12, 'admin_dashboard', 'admin dashboard', ' ', 'administrador salpicadero', '  ', 'admin dashboard', ' ', '', 'Admin paneli', 'Admin Dashboard', 'admin mszerfal', 'administrateur tableau de bord', '   ', 'Admin-Dashboard', 'Admin Dashboard', '', '  ', ' ', 'Lorem ipsum dolor sit Dashboard', 'admin dashboard', '', '  '),
(13, 'account', 'account', '', 'cuenta', '', 'rekening', '', '', 'hesap', 'conta', 'szmla', 'compte', '', 'Konto', 'conto', '', '', '', 'propter', 'rekening', '', ''),
(14, 'profile', 'profile', '', 'perfil', '', 'profiel', '', '', 'profil', 'perfil', 'profil', 'profil', '', 'Profil', 'profilo', '', '', '', 'profile', 'profil', '', ''),
(15, 'change_password', 'change password', ' ', 'cambiar la contrasea', '  ', 'wachtwoord wijzigen', ' ', '', 'ifresini deitirmek', 'alterar a senha', 'jelsz megvltoztatsa', 'changer le mot de passe', '   ', 'Kennwort ndern', 'cambiare la password', '', '  ', ' ', 'mutare password', 'mengubah password', '', ' '),
(16, 'logout', 'logout', ' ', 'logout', ' ', 'logout', '', '', 'logout', 'Sair', 'logout', 'Dconnexion', '', 'logout', 'Esci', '', '  ', '', 'logout', 'logout', '', ' '),
(17, 'panel', 'panel', '', 'panel', '', 'paneel', '', '', 'panel', 'painel', 'bizottsg', 'panneau', '', 'Platte', 'pannello', '', '', '', 'panel', 'panel', '', ''),
(18, 'dashboard_help', 'dashboard help', ' ', 'salpicadero ayuda', '  ', 'dashboard hulp', '  ', '', 'pano yardm', 'dashboard ajuda', 'mszerfal help', 'tableau de bord aide', ' ', 'Dashboard-Hilfe', 'dashboard aiuto', '', '  ', ' ', 'Dashboard auxilium', 'dashboard bantuan', '', '  '),
(19, 'dashboard', 'dashboard', '', 'salpicadero', ' ', 'dashboard', ' ', '', 'gsterge paneli', 'painel de instrumentos', 'mszerfal', 'tableau de bord', '', 'Armaturenbrett', 'cruscotto', '', ' ', '', 'Dashboard', 'dasbor', '', ''),
(20, 'student_help', 'student help', ' ', 'ayuda estudiantil', ' ', 'student hulp', ' ', '', 'renci yardm', 'ajuda estudante', 'dik segtsgvel', 'aide aux tudiants', ' ', 'Schler-Hilfe', 'help studente', '', '   ', ' ', 'Discipulus auxilium', 'membantu siswa', '', ' '),
(21, 'teacher_help', 'teacher help', ' ', 'ayuda del maestro', ' ', 'leraar hulp', ' ', '', 'retmen yardm', 'ajuda de professores', 'tanr segtsgvel', 'aide de l\'enseignant', '  ', 'Lehrer-Hilfe', 'aiuto dell\'insegnante', '', '  ', ' ', 'doctor auxilium', 'bantuan guru', '', ' '),
(22, 'subject_help', 'subject help', ' ', 'ayuda sujeto', ' ', 'Onderwerp hulp', ' ', '', 'konusu yardm', 'ajuda assunto', 'trgy segtsgvel', 'l\'objet de l\'aide', ' ', 'Thema Hilfe', 'Aiuto Subject', '', ' ', ' ', 'agitur salus', 'bantuan subjek', '', ' '),
(23, 'subject', 'subject', '', 'sujeto', '', 'onderwerp', '', '', 'konu', 'assunto', 'trgy', 'sujet', '', 'Thema', 'soggetto', '', '', '', 'agitur', 'subyek', '', ''),
(24, 'class_help', 'class help', ' ', 'clase de ayuda', ' ', 'klasse hulp', ' ', '', 'snf yardm', 'classe ajuda', 'osztly segtsgvel', 'aide de la classe', ' ', 'Klasse Hilfe', 'help classe', '', ' ', ' ', 'genus auxilii', 'kelas bantuan', '', ' '),
(25, 'class', 'class', '', 'clase', '', 'klasse', '', '', 'snf', 'classe', 'osztly', 'classe', '', 'Klasse', 'classe', '', '', '', 'class', 'kelas', '', ''),
(26, 'exam_help', 'exam help', ' ', 'ayuda examen', ' ', 'examen hulp', ' ', '', 'snav yardm', 'exame ajuda', 'vizsga help', 'aide  l\'examen', ' ', 'Prfung Hilfe', 'esame di guida', '', ' ', ' ', 'ipsum Auxilium', 'ujian bantuan', '', ' '),
(27, 'exam', 'exam', '', 'examen', '', 'tentamen', '', '', 'snav', 'exame', 'vizsglat', 'exam', '', 'Prfung', 'esame', '', '', '', 'Lorem ipsum', 'ujian', '', ''),
(28, 'marks_help', 'marks help', ' ', 'marcas ayudan', ' ', 'markeringen helpen', ' ', '', 'iaretleri yardm', 'marcas ajudar', 'jelek segtenek', 'marques aident', ' ', 'Markierungen helfen', 'segni aiutano', '', ' ', ' ', 'notas auxilio', 'tanda membantu', '', '  '),
(29, 'marks-attendance', 'marks-attendance', '-', 'marcas-asistencia', '-', 'merken-deelname', '-', '', 'iaretleri-katlm', 'marcas de comparecimento', 'jelek-ellts', 'marques-participation', ' ', 'Marken-Teilnahme', 'marchi-presenze', '', ' ', ' ', 'signa eius ministrabant,', 'tanda-pertemuan', '', ' '),
(30, 'grade_help', 'grade help', ' ', 'ayuda de grado', ' ', 'leerjaar hulp', ' ', '', 'snf yardm', 'ajuda grau', 'fokozat help', 'aide de qualit', ' ', 'Grade-Hilfe', 'aiuto grade', '', ' ', ' ', 'gradus ope', 'kelas bantuan', '', ' '),
(31, 'exam-grade', 'exam-grade', ' ', 'examen de grado', ' ', 'examen-grade', ' ', '', 'snav notu', 'exame de grau', 'vizsga-grade', 'examen de qualit', ' ', 'Prfung-Grade', 'esami-grade', '', ' ', ' ', 'ipsum turpis,', 'ujian-grade', '', ' '),
(32, 'class_routine_help', 'class routine help', '  ', 'clase ayuda rutina', '  ', 'klasroutine hulp', '  ', '', 'snf rutin yardm', 'classe ajuda rotina', 'osztly rutin segt', 'classe aide routine', '  ', 'Klasse Routine Hilfe', 'Classe aiuto di routine', '', '  ', '  ', 'uno genere auxilium', 'kelas bantuan rutin', '', '  '),
(33, 'class_routine', 'class routine', ' ', 'rutina de la clase', ' ', 'klasroutine', ' ', '', 'snf rutin', 'rotina classe', 'osztly rutin', 'routine de classe', ' ', 'Klasse Routine', 'classe di routine', '', ' ', ' ', 'in genere uno,', 'rutin kelas', '', ' '),
(34, 'invoice_help', 'invoice help', ' ', 'ayuda factura', ' ', 'factuur hulp', '- ', '', 'fatura yardm', 'ajuda factura', 'szmla segtsgvel', 'aide facture', ' ', 'Rechnungs Hilfe', 'help fattura', '', ' ', ' ', 'auxilium cautionem', 'bantuan faktur', '', ' '),
(35, 'payment', 'payment', '', 'pago', '', 'betaling', '', '', 'deme', 'pagamento', 'fizets', 'paiement', '', 'Zahlung', 'pagamento', '', '', '', 'pecunia', 'pembayaran', '', ''),
(36, 'book_help', 'book help', ' ', 'libro de ayuda', ' ', 'boek hulp', ' ', '', 'kitap yardm', 'livro ajuda', 'knyv segt', 'livre aide', '  ', 'Buch-Hilfe', 'della guida', '', ' ', ' ', 'auxilium libro,', 'Buku bantuan', '', ' '),
(37, 'library', 'library', '', 'biblioteca', '', 'bibliotheek', '', '', 'ktphane', 'biblioteca', 'knyvtr', 'bibliothque', '', 'Bibliothek', 'biblioteca', '', '', '', 'library', 'perpustakaan', '', ''),
(38, 'transport_help', 'transport help', ' ', 'ayuda de transporte', ' ', 'vervoer help', ' ', '', 'ulam yardm', 'ajuda de transporte', 'szllts Sg', 'le transport de l\'aide', '  ', 'Transport Hilfe', 'help trasporti', '', '   ', ' ', 'auxilium onerariis', 'transportasi bantuan', '', ' '),
(39, 'transport', 'transport', '', 'transporte', '', 'vervoer', '', '', 'tama', 'transporte', 'szllts', 'transport', '', 'Transport', 'trasporto', '', '  ', '', 'onerariis', 'angkutan', '', ''),
(40, 'dormitory_help', 'dormitory help', ' ', 'dormitorio de ayuda', ' ', 'slaapzaal hulp', ' ', '', 'yatakhane yardm', 'dormitrio ajuda', 'kollgiumi help', 'dortoir aide', ' ', 'Wohnheim Hilfe', 'dormitorio aiuto', '', ' ', ' ', 'dormitorium auxilium', 'asrama bantuan', '', ' '),
(41, 'dormitory', 'dormitory', ' - ', 'dormitorio', '', 'slaapzaal', '', '', 'yatakhane', 'dormitrio', 'hlterem', 'dortoir', '', 'Wohnheim', 'dormitorio', '', '', '', 'dormitorium', 'asrama mahasiswa', '', ''),
(42, 'noticeboard_help', 'noticeboard help', ' ', 'tabln de anuncios de la ayuda', ' ', 'prikbord hulp', '   ', '', 'noticeboard yardm', 'avisos ajuda', 'zenfaln help', 'panneau d\'aide', ' ', 'Brett-Hilfe', 'bacheca aiuto', '', 'noticeboard ', 'Noticeboard ', 'auxilium noticeboard', 'pengumuman bantuan', '', ' noticeboard '),
(43, 'noticeboard-event', 'noticeboard-event', '-', 'tabln de anuncios de eventos', ' ', 'prikbord-event', '  -', '', 'noticeboard olay', 'avisos de eventos', 'zenfaln esemny', 'panneau d\'vnement', ' ', 'Brett-Ereignis', 'bacheca-evento', '', 'noticeboard ', 'Noticeboard ', 'noticeboard eventus,', 'pengumuman-acara', '', ' noticeboard '),
(44, 'bed_ward_help', 'bed ward help', '  ', 'cama ward ayuda', '  ', 'bed ward hulp', '  ', '', 'yatak kou yardm', 'ajuda cama enfermaria', 'gy Ward help', 'lit salle de l\'aide', '  ', 'Betten-Station Hilfe', 'Letto reparto aiuto', '', '  ', '  ', 'lectum stans auxilium', 'tidur bangsal bantuan', '', '  '),
(45, 'settings', 'settings', '', 'configuracin', '', 'instellingen', '', '', 'ayarlar', 'definies', 'belltsok', 'paramtres', '', 'Einstellungen', 'Impostazioni', '', '', '', 'occasus', 'Pengaturan', '', ''),
(46, 'system_settings', 'system settings', ' ', 'configuracin del sistema', ' ', 'systeeminstellingen', ' ', '', 'sistem ayarlar', 'configuraes do sistema', 'rendszerbelltsokat', 'les paramtres du systme', '  ', 'Systemeinstellungen', 'impostazioni di sistema', '', '  ', ' ', 'ratio occasus', 'pengaturan sistem', '', ' '),
(47, 'manage_language', 'manage language', '  ', 'gestionar idioma', ' ', 'beheren taal', ' ', '', 'dil ynetmek', 'gerenciar lngua', 'kezelni nyelv', 'grer langue', ' ', 'verwalten Sprache', 'gestire lingua', '', '  ', '  ', 'moderari linguam,', 'mengelola bahasa', '', ' '),
(48, 'backup_restore', 'backup restore', ' ', 'copia de seguridad a restaurar', '  ', 'backup terugzetten', '  ', '', 'yedekleme geri', 'de backup restaurar', 'Backup Restore', 'restauration de sauvegarde', '  ', 'Backup wiederherstellen', 'ripristino di backup', '', '  ', ' ', 'tergum restituunt', 'backup restore', '', ' '),
(49, 'profile_help', 'profile help', ' ', 'Perfil Ayuda', ' ', 'profile hulp', ' ', '', 'yardm profile', 'Perfil ajuda', 'profile help', 'profil aide', ' ', 'Profil Hilfe', 'profilo di aiuto', '', ' ', ' ', 'Auctor nullam opem', 'Profil bantuan', '', ' '),
(50, 'manage_student', 'manage student', '  ', 'gestionar estudiante', ' ', 'beheren student', ' ', '', 'renci ynetmek', 'gerenciar estudante', 'kezelni dik', 'grer tudiant', '  ', 'Schler verwalten', 'gestire studente', '', '   ', '  ', 'curo alumnorum', 'mengelola siswa', '', ' '),
(51, 'manage_teacher', 'manage teacher', '  ', 'gestionar maestro', ' ', 'beheren leraar', ' ', '', 'retmen ynetmek', 'gerenciar professor', 'kezelni tanr', 'grer enseignant', '  ', 'Lehrer verwalten', 'gestire insegnante', '', '  ', '  ', 'magister curo', 'mengelola guru', '', ' '),
(52, 'noticeboard', 'noticeboard', '', 'tabln de anuncios', '', 'prikbord', '  ', '', 'noticeboard', 'quadro de avisos', 'zenfaln', 'panneau d\'affichage', '', 'Brett', 'bacheca', '', 'noticeboard', 'Noticeboard', 'noticeboard', 'pengumuman', '', ' noticeboard'),
(53, 'language', 'language', '', 'idioma', '', 'taal', '', '', 'dil', 'lngua', 'nyelv', 'langue', '', 'Sprache', 'lingua', '', '', '', 'Lingua', 'bahasa', '', ''),
(54, 'backup', 'backup', '', 'reserva', '', 'reservekopie', '', '', 'yedek', 'backup', 'ments', 'sauvegarde', '', 'Sicherungskopie', 'di riserva', '', ' ', '', 'tergum', 'backup', '', ''),
(55, 'calendar_schedule', 'calendar schedule', ' ', 'horario de calendario', ' ', 'kalender schema', ' ', '', 'takvim program', 'agenda calendrio', 'naptri temezs', 'calendrier calendrier', '  ', 'Kalender Zeitplan', 'programma di calendario', '', ' ', ' ', 'kalendarium ipsum', 'jadwal kalender', '', ' '),
(56, 'select_a_class', 'select a class', '  ', 'seleccionar una clase', ' ', 'selecteer een class', ' ', '', 'bir snf sein', 'selecionar uma classe', 'vlasszon ki egy osztlyt', 'slectionner une classe', '  ', 'Whlen Sie eine Klasse', 'selezionare una classe', '', '   ', '    ', 'eligere genus', 'pilih kelas', '', ' '),
(57, 'student_list', 'student list', ' ', 'lista de alumnos', ' ', 'student lijst', ' ', '', 'renci listesi', 'lista de alunos', 'dik lista', 'liste des tudiants', '  ', 'Schlerliste', 'elenco degli studenti', '', '   ', ' ', 'Discipulus album', 'daftar mahasiswa', '', ' '),
(58, 'add_student', 'add student', ' ', 'aadir estudiante', ' ', 'voeg student', ' ', '', 'renci eklemek', 'adicionar estudante', 'hozz hallgat', 'ajouter tudiant', ' ', 'Student hinzufgen', 'aggiungere studente', '', '  ', ' ', 'adde elit', 'menambahkan mahasiswa', '', ' '),
(59, 'roll', 'roll', '', 'rollo', '', 'broodje', '', '', 'rulo', 'rolo', 'tekercs', 'rouleau', '', 'Rolle', 'rotolo', '', '', '', 'volumen', 'gulungan', '', ''),
(60, 'photo', 'photo', '', 'foto', '', 'foto', '', '', 'fotoraf', 'foto', 'fnykp', 'photo', '', 'Foto', 'foto', '', '', '', 'Lorem ipsum', 'foto', '', ''),
(61, 'student_name', 'student name', ' ', 'Nombre del estudiante', ' ', 'naam van de leerling', ' ', '', 'renci ad', 'nome do aluno', 'tanul nevt', 'nom de l\'tudiant', '   ', 'Studentennamen', 'nome dello studente', '', '   ', '  ', 'ipsum est nomen', 'nama siswa', '', ' '),
(62, 'address', 'address', '', 'direccin', '', 'adres', '', '', 'adres', 'endereo', 'cm', 'adresse', '', 'Adresse', 'indirizzo', '', '', '', 'Oratio', 'alamat', '', ''),
(63, 'options', 'options', '', 'Opciones', '', 'opties', '', '', 'seenekleri', 'opes', 'lehetsgek', 'les options', '', 'Optionen', 'Opzioni', '', '', '', 'options', 'Pilihan', '', ''),
(64, 'marksheet', 'marksheet', 'marksheet', 'marksheet', 'marksheet', 'Marksheet', 'marksheet', 'marksheet', 'Marksheet', 'marksheet', 'Marksheet', 'relev de notes', 'Marksheet', 'marksheet', 'Marksheet', 'marksheet', 'marksheet', '', 'marksheet', 'marksheet', 'marksheet', 'marksheet'),
(65, 'id_card', 'id card', ' ', 'carnet de identidad', ' ', 'id-kaart', ' ', '', 'kimlik kart', 'carteira de identidade', 'szemlyi igazolvny', 'carte d\'identit', 'id ', 'Ausweis', 'carta d\'identit', '', ' ', '  ', 'id ipsum', 'id card', 'ID', ''),
(66, 'edit', 'edit', ' ', 'editar', '', 'uitgeven', '', '', 'dzenleme', 'editar', 'szerkeszt', 'modifier', 'edit', 'bearbeiten', 'modifica', '', '  ', ' ', 'edit', 'mengedit', '', ''),
(67, 'delete', 'delete', ' ', 'borrar', '', 'verwijderen', '', '', 'silmek', 'excluir', 'trl', 'effacer', '', 'lschen', 'cancellare', '', '', '', 'vel deleri,', 'menghapus', '', ''),
(68, 'personal_profile', 'personal profile', ' ', 'perfil personal', ' ', 'persoonlijk profiel', ' ', '', 'kiisel profil', 'perfil pessoal', 'szemlyes profil', 'profil personnel', ' ', 'persnliches Profil', 'profilo personale', '', ' ', ' ', 'personal profile', 'profil pribadi', '', ' '),
(69, 'academic_result', 'academic result', ' ', 'resultado acadmico', ' ', 'academische resultaat', ' ', '', 'akademik sonu', 'resultado acadmico', 'tudomnyos eredmny', 'rsultat acadmique', ' ', 'Studienergebnis', 'risultato accademico', '', ' ', ' ', 'Ex academicis', 'Hasil akademik', '', ' '),
(70, 'name', 'name', '', 'nombre', '', 'naam', '', '', 'isim', 'nome', 'nv', 'nom', '', 'Name', 'nome', '', '', '', 'nomen,', 'nama', '', ''),
(71, 'birthday', 'birthday', '', 'cumpleaos', ' ', 'verjaardag', ' ', '', 'doum gn', 'aniversrio', 'szletsnap', 'anniversaire', '', 'Geburtstag', 'compleanno', '', '', '', 'natalis', 'ulang tahun', '', ''),
(72, 'sex', 'sex', '', 'sexo', '', 'seks', '', '', 'seks', 'sexo', 'szex', 'sexe', '', 'Sex', 'sesso', '', '', '', 'sex', 'seks', '', ''),
(73, 'male', 'male', '', 'masculino', '', 'mannelijk', '', '', 'erkek', 'masculino', 'frfi', 'mle', '', 'mnnlich', 'maschio', '', '', '', 'masculus', 'laki-laki', '', ''),
(74, 'female', 'female', '', 'femenino', '', 'vrouw', '', '', 'kadn', 'feminino', 'ni', 'femelle', '', 'weiblich', 'femminile', '', '', '', 'femina,', 'perempuan', '', ''),
(75, 'religion', 'religion', '', 'religin', '', 'religie', '', '', 'din', 'religio', 'valls', 'religion', '', 'Religion', 'religione', '', '', '', 'religionis,', 'agama', '', ''),
(76, 'blood_group', 'blood group', ' ', 'grupo sanguneo', ' ', 'bloedgroep', ' ', '', 'kan grubu', 'grupo sanguneo', 'vrcsoport', 'groupe sanguin', ' ', 'Blutgruppe', 'gruppo sanguigno', '', '  ', ' ', 'sanguine coetus', 'golongan darah', '', ''),
(77, 'phone', 'phone', '', 'telfono', '', 'telefoon', '', '', 'telefon', 'telefone', 'telefon', 'tlphone', '', 'Telefon', 'telefono', '', '', '', 'Praesent', 'telepon', '', ''),
(78, 'father_name', 'father name', ' ', 'Nombre del padre', ' ', 'naam van de vader', '', '', 'baba ad', 'nome pai', 'apa nv', 'nom de pre', '   ', 'Der Name des Vaters', 'nome del padre', '', '  ', '  ', 'nomine Patris,', 'Nama ayah', '', ' '),
(79, 'mother_name', 'mother name', ' ', 'Nombre de la madre', ' ', 'moeder naam', ' ', '', 'anne ad', 'Nome me', 'anyja nv', 'nom de la mre', '   ', 'Name der Mutter', 'Nome madre', '', '  ', '  ', 'matris nomen,', 'Nama ibu', '', ' '),
(80, 'edit_student', 'edit student', ' ', 'edit estudiante', ' ', 'bewerk student', ' ', '', 'edit renci', 'edio aluno', 'szerkeszts dik', 'modifier tudiant', '  ', 'Schler bearbeiten', 'modifica dello studente', '', '   ', ' ', 'edit studiosum', 'mengedit siswa', '', ' '),
(81, 'teacher_list', 'teacher list', ' ', 'lista maestra', ' ', 'leraar lijst', ' ', '', 'retmen listesi', 'lista de professores', 'tanr lista', 'Liste des enseignants', '  ', 'Lehrer-Liste', 'elenco degli insegnanti', '', ' ', ' ', 'magister album', 'daftar guru', '', ' '),
(82, 'add_teacher', 'add teacher', ' ', 'aadir profesor', ' ', 'voeg leraar', ' ', '', 'retmen ekle', 'adicionar professor', 'hozz tanr', 'ajouter enseignant', ' ', 'Lehrer hinzufgen', 'aggiungere insegnante', '', ' ', ' ', 'Magister addit', 'menambah guru', '', ' '),
(83, 'teacher_name', 'teacher name', ' ', 'Nombre del profesor', ' ', 'leraarsnaam', ' ', '', 'retmen ad', 'nome professor', 'tanr nv', 'nom des enseignants', '  ', 'Lehrer Name', 'Nome del docente', '', '  ', '  ', 'magister nomine', 'nama guru', '', ' '),
(84, 'edit_teacher', 'edit teacher', ' ', 'edit maestro', ' ', 'leraar bewerken', ' ', '', 'edit retmen', 'editar professor', 'szerkeszts tanr', 'modifier enseignant', 'edit ', 'edit Lehrer', 'modifica insegnante', '', ' ', '  ', 'edit magister', 'mengedit guru', '', ' '),
(85, 'manage_parent', 'manage parent', '  ', 'gestionar los padres', ' ', 'beheren ouder', ' ', '', 'ebeveyn ynetmek', 'gerenciar pai', 'kezelni szl', 'grer parent', ' ', 'verwalten Mutter', 'gestione genitore', '', '  ', ' -   ', 'curo parent', 'mengelola orang tua', '', ' '),
(86, 'parent_list', 'parent list', ' ', 'lista primaria', ' ', 'ouder lijst', ' ', '', 'ebeveyn listesi', 'lista pai', 'szl lista', 'liste parent', ' ', 'geordneten Liste', 'elenco padre', '', '  ', ' -  ', 'parente album', 'daftar induk', '', ' '),
(87, 'parent_name', 'parent name', ' ', 'Nombre del padre', ' ', 'oudernaam', ' ', '', 'ebeveyn isim', 'nome do pai', 'szl nv', 'nom du parent', ' ', 'Mutternamen', 'nome del padre', '', '  ', ' -   ', 'Nomen parentis,', 'nama orang tua', '', ' '),
(88, 'relation_with_student', 'relation with student', '  ', 'relacin con el estudiante', '  ', 'relatie met student', '  ', '', 'renci ile ilikisi', 'relao com o aluno', 'kapcsolatban dik', 'relation avec l\'lve', '   ', 'Zusammenhang mit Studenten', 'rapporto con lo studente', '', '    ', '   ', 'cum inter ipsum', 'hubungan dengan siswa', '', ' '),
(89, 'parent_email', 'parent email', ' ', 'correo electrnico de los padres', '  ', 'ouder email', ' ', '', 'ebeveyn email', 'e-mail dos pais', 'szl e-mail', 'parent email', 'email  ', 'Eltern per E-Mail', 'email genitore', '', '   ', ' -  ', 'parente email', 'email induk', '', ' '),
(90, 'parent_phone', 'parent phone', ' ', 'telfono de los padres', ' ', 'ouder telefoon', ' ', '', 'ebeveyn telefon', 'telefone dos pais', 'szl telefon', 'mre de tlphone', ' ', 'Elterntelefon', 'telefono genitore', '', ' ', ' -   ', 'parentis phone', 'telepon orang tua', '', ' '),
(91, 'parrent_address', 'parrent address', 'parrent ', 'Direccin Parrent', ' parrent', 'parrent adres', 'Parrent ', 'parrent', 'parrent adresi', 'endereo Parrent', 'parrent cm', 'adresse Parrent', 'parrent ', 'parrent Adresse', 'Indirizzo parrent', ' parrent', 'parrent ', 'parrent ', 'oratio parrent', 'alamat parrent', 'parrent', 'parrent '),
(92, 'parrent_occupation', 'parrent occupation', 'parrent ', 'ocupacin Parrent', ' parrent', 'parrent bezetting', 'Parrent ', 'parrent', 'parrent igal', 'ocupao Parrent', 'parrent Foglalkozs', 'occupation Parrent', 'parrent ', 'parrent Beruf', 'occupazione parrent', ' parrent', 'parrent ', 'parrent ', 'opus parrent', 'pendudukan parrent', 'parrent', 'parrent '),
(93, 'add', 'add', ' ', 'aadir', '', 'toevoegen', '', '', 'eklemek', 'adicionar', 'hozzad', 'ajouter', '', 'hinzufgen', 'aggiungere', '', '', '', 'Adde', 'menambahkan', '', ''),
(94, 'parent_of', 'parent of', '', 'matriz de', ' ', 'ouder van', '', '', 'ebeveyn', 'pai', 'szl', 'parent d\'', '', 'Muttergesellschaft der', 'madre di', '', '', '  - ', 'parentem,', 'induk dari', '', ' '),
(95, 'profession', 'profession', '', 'profesin', '', 'beroep', '', '', 'meslek', 'profisso', 'szakma', 'profession', '', 'Beruf', 'professione', '', '', '', 'professio', 'profesi', '', ''),
(96, 'edit_parent', 'edit parent', ' ', 'edit padres', ' ', 'bewerk ouder', ' ', '', 'edit ebeveyn', 'edio pai', 'szerkeszts szl', 'modifier parent', 'edit ', 'edit Mutter', 'modifica genitore', '', '   ', ' ', 'edit parent', 'mengedit induk', '', ' '),
(97, 'add_parent', 'add parent', ' ', 'aadir los padres', ' ', 'Voeg een ouder', ' ', '', 'ebeveyn ekle', 'adicionar pai', 'hozz szl', 'ajouter parent', ' ', 'Mutter hinzufgen', 'aggiungere genitore', '', ' ', ' -  ', 'adde parent', 'menambahkan orang tua', '', ' '),
(98, 'manage_subject', 'manage subject', '  ', 'gestionar sujeto', ' ', 'beheren onderwerp', ' ', '', 'konuyu ynetmek', 'gerenciar assunto', 'kezelni trgy', 'grer sujet', ' ', 'Thema verwalten', 'gestire i soggetti', '', '  ', '  ', 'subiectum disponat', 'mengelola subjek', '', ' '),
(99, 'subject_list', 'subject list', ' ', 'lista por materia', ' ', 'Onderwerp lijst', ' ', '', 'konu listesi', 'lista por assunto', 'tma lista', 'liste de sujets', ' ', 'Themenliste', 'lista soggetto', '', '  ', ' ', 'subiectum album', 'daftar subjek', '', ' '),
(100, 'add_subject', 'add subject', ' ', 'Aadir asunto', ' ', 'Onderwerp toevoegen', ' ', '', 'konu ekle', 'adicionar assunto', 'Trgy hozzadsa', 'ajouter l\'objet', ' ', 'Thema hinzufgen', 'aggiungere soggetto', '', '', ' ', 're addere', 'menambahkan subjek', '', ' '),
(101, 'subject_name', 'subject name', ' ', 'nombre del sujeto', ' ', 'Onderwerp naam', ' ', '', 'konu ad', 'nome do assunto', 'trgy megnevezse', 'nom du sujet', ' ', 'Thema Namen', 'nome del soggetto', '', '  ', '  ', 'agitur nomine', 'nama subjek', '', ' '),
(102, 'edit_subject', 'edit subject', ' ', 'Editar asunto', ' ', 'Onderwerp bewerken', ' ', '', 'dzenleme konusu', 'Editar assunto', 'Trgy szerkesztse', 'modifier l\'objet', 'edit ', 'Betreff bearbeiten', 'Modifica oggetto', '', '   ', '  ', 'edit subiecto', 'mengedit subjek', '', ' '),
(103, 'manage_class', 'manage class', '  ', 'gestionar clase', ' ', 'beheren klasse', ' ', '', 'snf ynetmek', 'gerenciar classe', 'kezelni osztly', 'grer classe', ' ', 'Klasse verwalten', 'gestione della classe', '', '  ', '  ', 'genus regendi', 'mengelola kelas', '', ' '),
(104, 'class_list', 'class list', ' ', 'lista de la clase', ' ', 'klasse lijst', ' ', '', 'snf listesi', 'lista de classe', 'class lista', 'liste de classe', ' ', 'Klassenliste', 'elenco di classe', '', ' ', ' ', 'genus album', 'daftar kelas', '', ' '),
(105, 'add_class', 'add class', ' ', 'agregar la clase', ' ', 'voeg klasse', ' ', '', 'snf eklemek', 'adicionar classe', 'hozz osztly', 'ajouter la classe', ' ', 'Klasse hinzufgen', 'aggiungere classe', '', '  ', ' ', 'adde genus', 'menambahkan kelas', '', ' '),
(106, 'class_name', 'class name', ' ', 'nombre de la clase', ' ', 'class naam', ' ', '', 'snf ad', 'nome da classe', 'osztly neve', 'nom de la classe', '  ', 'Klassennamen', 'nome della classe', '', ' ', '  ', 'Classis nomine', 'nama kelas', '', ' '),
(107, 'numeric_name', 'numeric name', ' ', 'nombre numrico', ' ', 'numerieke naam', ' ', '', 'Saysal isim', 'nome numrico', 'numerikus nv', 'nom numrique', ' ', 'numerischen Namen', 'nome numerico', '', ' ', ' ', 'secundum numerum est secundum nomen,', 'Nama numerik', '', ' '),
(108, 'name_numeric', 'name numeric', '  ', 'nombre numrico', ' ', 'naam numerieke', ' ', '', 'saysal isim', 'nome numrico', 'nv numerikus', 'nommer numrique', ' ', 'nennen numerischen', 'nome numerico', '', ' ', '  ', 'secundum numerum est secundum nomen,', 'nama numerik', '', ' '),
(109, 'edit_class', 'edit class', ' ', 'clase de edicin', ' ', 'bewerken klasse', ' ', '', 'snf dzenle', 'edio classe', 'szerkeszts osztly', 'modifier la classe', 'edit ', 'Klasse bearbeiten', 'modifica della classe', '', ' ', ' ', 'edit genere', 'mengedit kelas', '', ' '),
(110, 'manage_exam', 'manage exam', ' ', 'gestionar examen', ' ', 'beheren examen', ' ', '', 'snav ynetmek', 'gerenciar exame', 'kezelni vizsga', 'grer examen', ' ', 'Prfung verwalten', 'gestire esame', '', '  ', '  ', 'curo ipsum', 'mengelola ujian', '', ' '),
(111, 'exam_list', 'exam list', ' ', 'lista de exmenes', ' ', 'examen lijst', ' ', '', 'snav listesi', 'lista de exames', 'vizsga lista', 'liste d\'examen', ' ', 'Prfungsliste', 'elenco esami', '', ' ', ' ', 'Lorem ipsum album', 'daftar ujian', '', ' '),
(112, 'add_exam', 'add exam', ' ', 'agregar examen', ' ', 'voeg examen', ' ', '', 'snav eklemek', 'adicionar exame', 'hozz vizsga', 'ajouter examen', ' ', 'Prfung hinzufgen', 'aggiungere esame', '', '   ', ' ', 'adde ipsum', 'menambahkan ujian', '', ' '),
(113, 'exam_name', 'exam name', ' ', 'nombre del examen', ' ', 'examen naam', ' ', '', 'snav ad', 'nome do exame', 'Vizsga neve', 'nom de l\'examen', '  ', 'Prfungsnamen', 'nome dell\'esame', '', '  ', '  ', 'ipsum nomen,', 'Nama ujian', '', ' '),
(114, 'date', 'date', '', 'fecha', '', 'datum', '', '', 'tarih', 'data', 'dtum', 'date', '', 'Datum', 'data', '', '', '', 'date', 'tanggal', '', ''),
(115, 'comment', 'comment', '', 'comentario', '', 'commentaar', '', '', 'yorum', 'comentrio', 'megjegyzs', 'commentaire', '', 'Kommentar', 'commento', '', '', '', 'comment', 'komentar', '', ''),
(116, 'edit_exam', 'edit exam', ' ', 'examen de edicin', ' ', 'bewerk examen', ' ', '', 'edit snav', 'edio do exame', 'szerkeszts vizsga', 'modifier examen', 'edit ', 'edit Prfung', 'modifica esame', '', ' ', ' ', 'edit ipsum', 'mengedit ujian', '', ' '),
(117, 'manage_exam_marks', 'manage exam marks', '   ', 'gestionar marcas de examen', '  ', 'beheren examencijfers', '  ', '', 'snav iaretleri ynetmek', 'gerenciar marcas exame', 'kezelni vizsga jelek', 'grer les marques d\'examen', '   ', 'Prfungsnoten verwalten', 'gestire i voti degli esami', '', '    ', '    ', 'ipsum curo indicia', 'mengelola nilai ujian', '', '  '),
(118, 'manage_marks', 'manage marks', '  ', 'gestionar marcas', ' ', 'beheren merken', ' ', '', 'iaretleri ynetmek', 'gerenciar marcas', 'kezelni jelek', 'grer les marques', '  ', 'Markierungen verwalten', 'gestire i marchi', '', '  ', '  ', 'curo indicia', 'mengelola tanda', '', ' '),
(119, 'select_exam', 'select exam', ' ', 'seleccione examen', ' ', 'selecteer examen', ' ', '', 'snav sein', 'selecionar exame', 'vlassza ki a vizsga', 'slectionnez examen', ' ', 'Prfung whlen', 'seleziona esame', '', '  ', '  ', 'velit ipsum', 'pilih ujian', '', ' '),
(120, 'select_class', 'select class', ' ', 'seleccione clase', ' ', 'selecteren klasse', ' ', '', 'snf sein', 'selecionar classe', 'vlassza osztly', 'slectionnez classe', ' ', 'Klasse whlen', 'seleziona classe', '', '  ', '   ', 'genus eligere,', 'pilih kelas', '', ' '),
(121, 'select_subject', 'select subject', '  ', 'seleccione tema', ' ', 'Selecteer onderwerp', ' ', '', 'konu sein', 'selecionar assunto', 'Vlassza a Trgy', 'slectionner le sujet', ' ', 'Thema whlen', 'seleziona argomento', '', '  ', '  ', 'eligere subditos', 'pilih subjek', '', ' '),
(122, 'select_an_exam', 'select an exam', '  ', 'seleccione un examen', ' ', 'selecteer een examen', ' ', '', 'Bir snav sein', 'selecionar um exame', 'vlasszon ki egy vizsga', 'slectionner un examen', '  ', 'Whlen Sie eine Prfung', 'selezionare un esame', '', '  ', '   ', 'Eligebatur autem ipsum', 'pilih ujian', '', ' '),
(123, 'mark_obtained', 'mark obtained', ' ', 'calificacin obtenida', '  ', 'markeren verkregen', ' ', '', 'iaretlemek elde', 'marca obtida', 'jellje kapott', 'marquer obtenu', '  ', 'Markieren Sie erhalten', 'contrassegnare ottenuto', '', '  ', ' ', 'attende obtinuit', 'menandai diperoleh', '', ' '),
(124, 'attendance', 'attendance', '', 'asistencia', '', 'opkomst', '', '', 'katlm', 'comparecimento', 'rszvtel', 'prsence', '', 'Teilnahme', 'partecipazione', '', '', '', 'auscultant', 'kehadiran', '', ''),
(125, 'manage_grade', 'manage grade', ' ', 'gestin de calidad', ' ', 'beheren leerjaar', ' ', '', 'notu ynetmek', 'gerenciar grau', 'kezelni fokozat', 'grer de qualit', ' ', 'Klasse verwalten', 'gestione grade', '', '  ', '  ', 'moderari gradu', 'mengelola kelas', '', ' '),
(126, 'grade_list', 'grade list', ' ', 'Lista de grado', ' ', 'cijferlijst', ' ', '', 'snf listesi', 'lista grau', 'fokozat lista', 'liste de qualit', ' ', 'Notenliste', 'elenco grade', '', ' ', '  ', 'gradus album', 'daftar kelas', '', ' '),
(127, 'add_grade', 'add grade', '  ', 'aadir grado', ' ', 'voeg leerjaar', ' ', '', 'not eklemek', 'adicionar grau', 'hozz fokozat', 'ajouter note', ' ', 'Klasse hinzufgen', 'aggiungere grade', '', '   ', ' ', 'adde gradum,', 'menambahkan kelas', '', ' '),
(128, 'grade_name', 'grade name', ' ', 'Nombre de grado', ' ', 'rangnaam', ' ', '', 'snf ad', 'nome da classe', 'fokozat nv', 'nom de la catgorie', ' ', 'Klasse Name', 'nome del grado', '', ' ', '  ', 'nomen, gradus,', 'nama kelas', '', ' '),
(129, 'grade_point', 'grade point', ' ', 'de calificaciones', '', 'rangpunt', '', '', 'not', 'ponto de classe', 'fokozat pont', 'cumulative', '', 'Noten', 'punto di grado', '', ' ', ' ', 'gradus punctum', 'indeks prestasi', '', ''),
(130, 'mark_from', 'mark from', ' ', 'marca de', ' ', 'mark uit', ' ', '', 'mark dan', 'marca de', 'jellst', 'marque de', ' ', 'Marke aus', 'segno da', '', ' ', ' ', 'marcam', 'mark dari', '', ''),
(131, 'mark_upto', 'mark upto', ' ', 'marcar hasta', ' ', 'mark tot', ' ', '', 'kadar iaretlemek', 'marcar at', 'jellje upto', 'marquer jusqu\'', ' ', 'Markieren Sie bis zu', 'contrassegnare fino a', '', '  ', ' ', 'Genitus est notare', 'menandai upto', '', ''),
(132, 'edit_grade', 'edit grade', ' ', 'edit grado', ' ', 'Cijfer bewerken', ' ', '', 'edit notu', 'edio grau', 'szerkeszts fokozat', 'edit qualit', 'edit ', 'edit Grad', 'modifica grade', '', ' ', ' ', 'edit gradu', 'mengedit kelas', '', ' '),
(133, 'manage_class_routine', 'manage class routine', '  ', 'gestionar rutina de la clase', '  ', 'beheren klasroutine', '  ', '', 'snf rutin ynetmek', 'gerenciar rotina classe', 'kezelni class rutin', 'grer la routine de classe', '  ', 'verwalten Klasse Routine', 'gestione classe di routine', '', '   ', '   ', 'uno in genere tractare', 'mengelola rutinitas kelas', '', '  '),
(134, 'class_routine_list', 'class routine list', '  ', 'clase de lista de rutina', '  ', 'klasroutine lijst', '  ', '', 'snf rutin listesi', 'classe de lista de rotina', 'osztly rutin lista', 'classe liste routine', ' list ', 'Klasse Routine Liste', 'classe lista di routine', '', '    ', '  ', 'uno genere album', 'Daftar rutin kelas', '', '  '),
(135, 'add_class_routine', 'add class routine', '  ', 'aadir rutina de la clase', '  ', 'voeg klasroutine', '  ', '', 'snf rutin eklemek', 'adicionar rotina classe', 'hozz class rutin', 'ajouter routine de classe', '  ', 'Klasse hinzufgen Routine', 'aggiungere classe di routine', '', '    ', '  ', 'adde genus moris', 'menambahkan rutin kelas', '', '  '),
(136, 'day', 'day', '', 'da', '', 'dag', '', '', 'gn', 'dia', 'nap', 'jour', '', 'Tag', 'giorno', '', '', '', 'die,', 'hari', '', ''),
(137, 'starting_time', 'starting time', ' ', 'tiempo de inicio', ' ', 'starttijd', ' ', '', 'balang zaman', 'tempo comeando', 'indtsi id', 'temps de dmarrage', ' ', 'Startzeit', 'tempo di avviamento', '', '  ', '   ', 'tum satus', 'waktu mulai', '', ' '),
(138, 'ending_time', 'ending time', ' ', 'hora de finalizacin', ' ', 'eindtijd', ' ', '', 'biti zamann', 'tempo final', 'befejezsi idpont', 'heure de fin', ' ', 'Endzeit', 'ora finale', '', ' ', '   ', 'et finis temporis,', 'akhir waktu', '', ' '),
(139, 'edit_class_routine', 'edit class routine', '  ', 'rutina de la clase de edicin', '  ', 'bewerk klasroutine', '  ', '', 'snf dzenle rutin', 'rotina de edio de classe', 'szerkeszts osztly rutin', 'routine modifier de classe', 'edit  ', 'edit Klasse Routine', 'modifica della classe di routine', '', '  ', '  ', 'edit uno genere', 'rutin mengedit kelas', '', '  '),
(140, 'manage_invoice/payment', 'manage invoice/payment', ' /  ', 'gestionar factura / pago', '  / ', 'beheren factuur / betaling', '  / ', '/', 'fatura / deme ynetmek', 'gerenciar fatura / pagamento', 'kezelni szmla / fizetsi', 'grer facture / paiement', '  / ', 'Verwaltung Rechnung / Zahlung', 'gestione fattura / pagamento', ' / ', ' /   ', ' /   ', 'curo cautionem / solutionem', 'mengelola tagihan / pembayaran', '/', ' /  '),
(141, 'invoice/payment_list', 'invoice/payment list', ' /  ', 'lista de facturas / pagos', '  / ', 'factuur / betaling lijst', '  / ', '/', 'fatura / deme listesi', 'lista de fatura / pagamento', 'szmla / fizetsi lista', 'liste facture / paiement', '  / ', 'Rechnung / Zahlungsliste', 'elenco fattura / pagamento', ' / ', ' /   ', ' /  ', 'cautionem / list pretium', 'daftar tagihan / pembayaran', '/', ' / '),
(142, 'add_invoice/payment', 'add invoice/payment', ' /  ', 'aadir factura / pago', '  / ', 'voeg factuur / betaling', '  / ', '/', 'fatura / deme eklemek', 'adicionar factura / pagamento', 'hozz szmla / fizetsi', 'ajouter facture / paiement', '  / ', 'hinzufgen Rechnung / Zahlung', 'aggiungere fatturazione / pagamento', ' / ', ' /  ', ' /  ', 'add cautionem / solutionem', 'menambahkan tagihan / pembayaran', '/', ' /  '),
(143, 'title', 'title', '', 'ttulo', '', 'titel', '', '', 'balk', 'ttulo', 'cm', 'titre', '', 'Titel', 'titolo', '', '', '', 'title', 'judul', '', ''),
(144, 'description', 'description', '', 'descripcin', '', 'beschrijving', '', '', 'tanm', 'descrio', 'lers', 'description', '', 'Beschreibung', 'descrizione', '', '', '', 'description', 'deskripsi', '', '');
INSERT INTO `language` (`phrase_id`, `phrase`, `english`, `bengali`, `spanish`, `arabic`, `dutch`, `russian`, `chinese`, `turkish`, `portuguese`, `hungarian`, `french`, `greek`, `german`, `italian`, `thai`, `urdu`, `hindi`, `latin`, `indonesian`, `japanese`, `korean`) VALUES
(145, 'amount', 'amount', '', 'cantidad', '', 'bedrag', '', '', 'miktar', 'quantidade', 'mennyisg', 'montant', '', 'Menge', 'importo', '', '', '', 'tantum', 'jumlah', '', ''),
(146, 'status', 'status', '', 'estado', '', 'toestand', '', '', 'durum', 'estado', 'llapot', 'statut', '', 'Status', 'stato', '', '', '', 'status', 'status', '', ''),
(147, 'view_invoice', 'view invoice', ' ', 'vista de la factura', ' ', 'view factuur', ' -', '', 'view fatura', 'vista da fatura', 'view szmla', 'vue facture', ' ', 'Ansicht Rechnung', 'vista fattura', '', ' ', ' ', 'propter cautionem', 'lihat faktur', '', ' '),
(148, 'paid', 'paid', '', 'pagado', '', 'betaald', '', '', 'cretli', 'pago', 'fizetett', 'pay', '', 'bezahlt', 'pagato', '', ' ', '', 'solutis', 'dibayar', '', ''),
(149, 'unpaid', 'unpaid', '', 'no pagado', ' ', 'onbetaald', '', '', 'denmemi', 'no remunerado', 'kifizetetlen', 'non rmunr', '', 'unbezahlt', 'non pagato', '', ' ', '', 'non est constitutus,', 'dibayar', '', ' '),
(150, 'add_invoice', 'add invoice', ' ', 'aadir factura', ' ', 'voeg factuur', ' ', '', 'faturay eklemek', 'adicionar fatura', 'hozz szmla', 'ajouter facture', ' ', 'Rechnung hinzufgen', 'aggiungere fattura', '', '  ', ' ', 'add cautionem', 'menambahkan faktur', '', ' '),
(151, 'payment_to', 'payment to', '', 'pago a', ' ', 'betaling aan', '', '', 'iin deme', 'pagamento', 'fizets', 'paiement', '', 'Zahlung an', 'pagamento', '', '', ' ', 'pecunia', 'pembayaran kepada', '', ' '),
(152, 'bill_to', 'bill to', '', 'proyecto de ley para', '  ', 'wetsvoorstel om', ' ', '', 'bill', 'projeto de lei para', 'trvnyjavaslat', 'projet de loi', '  ', 'Gesetzentwurf zur', 'disegno di legge per', '', '', '  ', 'latumque', 'RUU untuk', '', ''),
(153, 'invoice_title', 'invoice title', ' ', 'Ttulo de la factura', ' ', 'factuur titel', ' ', '', 'fatura balk', 'ttulo fatura', 'szmla cm', 'titre de la facture', ' ', 'Rechnungs Titel', 'title fattura', '', ' ', ' ', 'title cautionem', 'judul faktur', '', ' '),
(154, 'invoice_id', 'invoice id', ' ', 'Identificacin de la factura', ' ', 'factuur id', '- ID', '', 'fatura id', 'id fatura', 'szmla id', 'Identifiant facture', 'id ', 'Rechnung-ID', 'fattura id', '', ' ID', ' ', 'id cautionem', 'faktur id', 'ID', ' ID'),
(155, 'edit_invoice', 'edit invoice', ' ', 'edit factura', ' ', 'bewerk factuur', ' -', '', 'edit fatura', 'edio fatura', 'szerkeszts szmla', 'modifier la facture', 'edit ', 'edit Rechnung', 'modifica fattura', '', ' ', ' ', 'edit cautionem', 'mengedit faktur', '', ' '),
(156, 'manage_library_books', 'manage library books', '   ', 'gestionar libros de la biblioteca', '  ', 'beheren bibliotheekboeken', '  ', '', 'kitaplar ktphane ynetmek', 'gerenciar os livros da biblioteca', 'kezelni knyvtri knyvek', 'grer des livres de bibliothque', '    ', 'Bcher aus der Bibliothek verwalten', 'gestire i libri della biblioteca', '', '    ', '    ', 'curo bibliotheca librorum,', 'mengelola buku perpustakaan', '', '  '),
(157, 'book_list', 'book list', '', 'lista de libros', ' ', 'boekenlijst', ' ', '', 'kitap listesi', 'lista de livros', 'book lista', 'liste de livres', ' ', 'Buchliste', 'elenco libri', '', '  ', ' ', 'album', 'daftar buku', '', ' '),
(158, 'add_book', 'add book', ' ', 'Aadir libro', ' ', 'boek toevoegen', ' ', '', 'kitap eklemek', 'adicionar livro', 'Knyv hozzadsa', 'ajouter livre', '  ', 'Buch hinzufgen', 'aggiungere il libro', '', ' ', ' ', 'adde libri', 'menambahkan buku', '', ' '),
(159, 'book_name', 'book name', ' ', 'Nombre del libro', ' ', 'boeknaam', ' ', '', 'kitap ad', 'nome livro', 'book nv', 'nom de livre', '   ', 'Buchnamen', 'nome del libro', '', '  ', '  ', 'librum nomine', 'nama buku', '', ' '),
(160, 'author', 'author', '', 'autor', '', 'auteur', '', '', 'yazar', 'autor', 'szerz', 'auteur', '', 'Autor', 'autore', '', '', '', 'auctor', 'penulis', '', ''),
(161, 'price', 'price', '', 'precio', '', 'prijs', '', '', 'fiyat', 'preo', 'r', 'prix', '', 'Preis', 'prezzo', '', '', '', 'price', 'harga', '', ''),
(162, 'available', 'available', '', 'disponible', '', 'beschikbaar', '', '', 'mevcut', 'disponvel', 'rendelkezsre ll', 'disponible', '', 'verfgbar', 'disponibile', '', '', '', 'available', 'tersedia', '', ''),
(163, 'unavailable', 'unavailable', '', 'indisponible', ' ', 'niet beschikbaar', '', '', 'yok', 'indisponvel', 'rhet el', 'indisponible', '', 'nicht verfgbar', 'non disponibile', '', ' ', '', 'unavailable', 'tidak tersedia', '', ''),
(164, 'edit_book', 'edit book', ' ', 'libro de edicin', ' ', 'bewerk boek', ' ', '', 'edit kitap', 'edio do livro', 'edit knyv', 'edit livre', '  ', 'edit Buch', 'modifica book', '', ' ', ' ', 'edit Liber', 'mengedit buku', '', ' '),
(165, 'manage_transport', 'manage transport', '  ', 'gestionar el transporte', ' ', 'beheren van vervoerssystemen', ' ', '', 'ulam ynetmek', 'gerenciar o transporte', 'kezelni a kzlekeds', 'la gestion du transport', '  ', 'Transport verwalten', 'gestire i trasporti', '', '    ', '  ', 'curo onerariis', 'mengelola transportasi', '', ' '),
(166, 'transport_list', 'transport list', ' ', 'Lista de transportes', ' ', 'lijst vervoer', ' ', '', 'tama listesi', 'Lista de transportes', 'szllts lista', 'liste de transport', '  ', 'Transportliste', 'elenco trasporti', '', '    ', ' ', 'turpis album', 'daftar transport', '', ' '),
(167, 'add_transport', 'add transport', '  ', 'aadir el transporte', ' ', 'voeg vervoer', ' ', '', 'tama ekle', 'adicionar transporte', 'hozz a kzlekeds', 'ajouter transports', ' ', 'add-Transport', 'aggiungere il trasporto', '', '   ', ' ', 'adde onerariis', 'tambahkan transportasi', '', ' '),
(168, 'route_name', 'route name', ' ', 'nombre de la ruta', ' ', 'naam van de route', ' ', '', 'rota ismi', 'nome da rota', 'tvonal nevt', 'nom de la route', ' ', 'Routennamen', 'nome del percorso', '', ' ', '  ', 'iter nomine', 'Nama rute', '', ' '),
(169, 'number_of_vehicle', 'number of vehicle', ' ', 'nmero de vehculo', '  ', 'aantal voertuigkilometers', ' ', '', 'Aracn says', 'nmero de veculo', 'szm gpjrm', 'nombre de vhicules', '  ', 'Anzahl der Fahrzeug', 'numero di veicolo', '', '  ', '  ', 'de numero scilicet vehiculum', 'jumlah kendaraan', '', ' '),
(170, 'route_fare', 'route fare', ' ', 'ruta hacer', ' ', 'route doen', ' ', '', 'yol yapmak', 'rota fazer', 'tvonal do', 'itinraire faire', ' ', 'Route zu tun', 'r', '', ' ', ' ', 'iter faciunt,', 'rute lakukan', '', ' '),
(171, 'edit_transport', 'edit transport', ' ', 'transporte de edicin', ' ', 'vervoer bewerken', ' ', '', 'edit ulam', 'edio transporte', 'szerkeszts szllts', 'transport modifier', 'edit ', 'edit Transport', 'modifica dei trasporti', '', '   ', ' ', 'edit onerariis', 'mengedit transportasi', '', ' '),
(172, 'manage_dormitory', 'manage dormitory', '  ', 'gestionar dormitorio', ' ', 'beheren slaapzaal', ' ', '', 'yurt ynetmek', 'gerenciar dormitrio', 'kezelni kollgiumi', 'grer dortoir', ' ', 'Schlafsaal verwalten', 'gestione dormitorio', '', '  ', '  ', 'curo dormitorio', 'mengelola asrama', '', ' '),
(173, 'dormitory_list', 'dormitory list', ' ', 'lista dormitorio', ' ', 'slaapzaal lijst', ' ', '', 'yurt listesi', 'lista dormitrio', 'kollgiumi lista', 'liste de dortoir', ' ', 'Schlafsaal Liste', 'elenco dormitorio', '', ' ', ' ', 'dormitorium album', 'daftar asrama', '', ' '),
(174, 'add_dormitory', 'add dormitory', ' ', 'aadir dormitorio', ' ', 'voeg slaapzaal', ' ', '', 'yurt ekle', 'adicionar dormitrio', 'hozz kollgiumi', 'ajouter dortoir', ' ', 'Schlaf hinzufgen', 'aggiungere dormitorio', '', ' ', ' ', 'adde dormitorio', 'menambahkan asrama', '', ' '),
(175, 'dormitory_name', 'dormitory name', ' ', 'Nombre del dormitorio', ' ', 'slaapzaal naam', ' ', '', 'yurt ad', 'nome dormitrio', 'kollgiumi nv', 'nom de dortoir', ' ', 'Schlaf Namen', 'Nome dormitorio', '', ' ', ' ', 'dormitorium nomine', 'Nama asrama', '', ' '),
(176, 'number_of_room', 'number of room', ' ', 'nmero de habitacin', ' ', 'aantal kamer', ' ', '', 'oda says', 'nmero de quarto', 'szma szobban', 'nombre de salle', '   ', 'Anzahl der Zimmer', 'numero delle camera', '', '  ', '  ', 'numerus locus', 'Jumlah kamar', '', ' '),
(177, 'manage_noticeboard', 'manage noticeboard', ' ', 'gestionar tabln de anuncios', ' ', 'beheren prikbord', '  ', '', 'Noticeboard ynetmek', 'gerenciar avisos', 'kezelni zenfaln', 'grer panneau d\'affichage', ' ', 'Brett verwalten', 'gestione bacheca', '', 'noticeboard  ', 'Noticeboard  ', 'curo noticeboard', 'mengelola pengumuman', '', ' noticeboard '),
(178, 'noticeboard_list', 'noticeboard list', ' ', 'tabln de anuncios de la lista', ' ', 'prikbord lijst', '   ', '', 'noticeboard listesi', 'lista de avisos', 'zenfaln lista', 'liste de panneau d\'affichage', ' ', 'Brett-Liste', 'elenco bacheca', '', 'noticeboard ', 'Noticeboard ', 'noticeboard album', 'daftar pengumuman', '', ' noticeboard '),
(179, 'add_noticeboard', 'add noticeboard', ' ', 'aadir tabln de anuncios', ' ', 'voeg prikbord', '  ', '', 'Noticeboard ekle', 'adicionar avisos', 'hozz zenfaln', 'ajouter panneau d\'affichage', ' ', 'Brett hinzufgen', 'aggiungere bacheca', '', 'noticeboard ', 'Noticeboard ', 'adde noticeboard', 'menambahkan pengumuman', '', ' noticeboard '),
(180, 'notice', 'notice', '', 'aviso', '', 'kennisgeving', '', '', 'uyar', 'aviso', 'rtests', 'dlai', '', 'Bekanntmachung', 'avviso', '', '', '', 'Observa', 'pemberitahuan', '', ''),
(181, 'add_notice', 'add notice', '  ', 'aadir aviso', ' ', 'voeg bericht', ' ', '', 'haber ekle', 'adicionar aviso', 'hozz rtests', 'ajouter un avis', ' ', 'Hinweis hinzufgen', 'aggiungere preavviso', '', '   ', ' ', 'addunt et titulum', 'tambahkan pemberitahuan', '', ' '),
(182, 'edit_noticeboard', 'edit noticeboard', ' ', 'edit tabln de anuncios', ' ', 'bewerk prikbord', '   ', '', 'edit noticeboard', 'edio de avisos', 'szerkeszts zenfaln', 'modifier panneau d\'affichage', 'edit ', 'Brett bearbeiten', 'modifica bacheca', '', '   noticeboard', ' Noticeboard', 'edit noticeboard', 'mengedit pengumuman', '', ' noticeboard'),
(183, 'system_name', 'system name', ' ', 'Nombre del sistema', ' ', 'Name System', ' ', '', 'sistemi ad', 'nome do sistema', 'rendszer neve', 'nom du systme', '  ', 'Systemnamen', 'nome del sistema', '', '  ', ' ', 'ratio nominis', 'Nama sistem', '', ' '),
(184, 'save', 'save', '', 'guardar', '', 'besparen', '', '', 'kurtarmak', 'salvar', 'kivve', 'sauver', '', 'sparen', 'salvare', '', '  ', '', 'salvum', 'menyimpan', '', ''),
(185, 'system_title', 'system title', ' ', 'Ttulo de sistema', ' ', 'systeem titel', ' ', '', 'Sistem balk', 'ttulo sistema', 'rendszer cm', 'titre du systme', '  ', 'System-Titel', 'titolo di sistema', '', ' ', ' ', 'ratio title', 'title sistem', '', ' '),
(186, 'paypal_email', 'paypal email', 'PayPal ', 'paypal email', '   ', 'paypal e-mail', 'PayPal   ', 'PayPal', 'paypal e-posta', 'paypal e-mail', 'paypal email', 'paypal email', 'paypal  ', 'paypal E-Mail', 'paypal-mail', 'paypal ', '   ', ' ', 'Paypal email', 'email paypal', 'Paypal', ' '),
(187, 'currency', 'currency', '', 'moneda', '', 'valuta', '', '', 'para', 'moeda', 'valuta', 'monnaie', '', 'Whrung', 'valuta', '', '', '', 'currency', 'mata uang', '', ''),
(188, 'phrase_list', 'phrase list', ' ', 'lista de frases', ' ', 'zinnenlijst', ' ', '', 'ifade listesi', 'lista de frases', 'kifejezs lista', 'liste de phrase', ' ', 'Phrasenliste', 'elenco frasi', '', ' ', ' ', 'dicitur album', 'Daftar frase', '', ' '),
(189, 'add_phrase', 'add phrase', ' ', 'aadir la frase', ' ', 'voeg zin', ' ', '', 'ifade eklemek', 'adicionar frase', 'adjunk kifejezst', 'ajouter la phrase', ' ', 'Begriff hinzufgen', 'aggiungere la frase', '', ' ', ' ', 'addere phrase', 'menambahkan frase', '', ' '),
(190, 'add_language', 'add language', ' ', 'aadir idioma', ' ', 'add taal', ' ', '', 'dil ekle', 'adicionar lngua', 'nyelv hozzadsa', 'ajouter la langue', ' ', 'Sprache hinzufgen', 'aggiungere la lingua', '', '  ', ' ', 'addere verbis', 'menambahkan bahasa', '', ' '),
(191, 'phrase', 'phrase', '', 'frase', '', 'frase', '', '', 'ifade', 'frase', 'kifejezs', 'phrase', '', 'Ausdruck', 'frase', '', '', '', 'phrase', 'frasa', '', ''),
(192, 'manage_backup_restore', 'manage backup restore', '   ', 'gestionar copias de seguridad a restaurar', '   ', 'beheer van back-up herstellen', '   ', '', 'yedekleme geri ynetmek', 'gerenciar o backup de restaurao', 'kezelni a biztonsgi ments visszalltsa', 'grer de restauration de sauvegarde', '   ', 'verwalten Backup wiederherstellen', 'gestire il ripristino di backup', '', '   ', '   ', 'curo tergum restituunt', 'mengelola backup restore', '', '  '),
(193, 'restore', 'restore', ' ', 'restaurar', '', 'herstellen', '', '', 'geri', 'restaurar', 'visszaad', 'restaurer', '', 'wiederherstellen', 'ripristinare', '', '', '', 'reddite', 'mengembalikan', '', ''),
(194, 'mark', 'mark', '', 'marca', '', 'mark', '', '', 'iaret', 'marca', 'jel', 'marque', '', 'Marke', 'marchio', '', '', '', 'Marcus', 'tanda', '', ''),
(195, 'grade', 'grade', '', 'grado', '', 'graad', '', '', 'snf', 'grau', 'fokozat', 'grade', '', 'Klasse', 'grado', '', '', '', 'gradus,', 'kelas', '', ''),
(196, 'invoice', 'invoice', '', 'factura', '', 'factuur', '-', '', 'fatura', 'fatura', 'szmla', 'facture', '', 'Rechnung', 'fattura', '', '', '', 'cautionem', 'faktur', '', ''),
(197, 'book', 'book', '', 'libro', '', 'boek', '', '', 'kitap', 'livro', 'knyv', 'livre', '', 'Buch', 'libro', '', '', '', 'Liber', 'buku', '', ''),
(198, 'all', 'all', '', 'todo', '', 'alle', '', '', 'tm', 'tudo', 'minden', 'tout', '', 'alle', 'tutto', '', '', '', 'omnes', 'semua', '', ''),
(199, 'upload_&_restore_from_backup', 'upload & restore from backup', ' &amp;   ', 'cargar y restaurar copia de seguridad', '    ', 'uploaden en terugzetten van een backup', '     ', '', 'ykleyebilir ve yedekten geri ykleme', 'fazer upload e restaurao de backup', 'feltlteni s visszalltani backup', 'tlcharger et restauration de la sauvegarde', '    backup', 'Upload &amp; Wiederherstellung von Backups', 'caricare e ripristinare dal backup', '', '       ', '    ', 'restituo ex tergum upload,', 'meng-upload &amp; restore dari backup', '', '   '),
(200, 'manage_profile', 'manage profile', ' ', 'gestionar el perfil', '  ', 'te beheren!', ' ', '', 'profilini ynetmek', 'gerenciar o perfil', 'Profil kezelse', 'grer le profil', '  ', 'Profil verwalten', 'gestire il profilo', '', '   ', '  ', 'curo profile', 'mengelola profil', '', ' ( ) '),
(201, 'update_profile', 'update profile', ' ', 'actualizar el perfil', '  ', 'Profiel bijwerken', ' ', '', 'profilinizi gncelleyin', 'atualizar o perfil', 'frissteni profil', 'mettre  jour le profil', '  ', 'Profil aktualisieren', 'aggiornare il profilo', '', '   ', ' ', 'magna eget ipsum', 'memperbarui profil', '', ' '),
(202, 'new_password', 'new password', ' ', 'nueva contrasea', '  ', 'nieuw wachtwoord', ' ', '', 'Yeni ifre', 'nova senha', 'j jelsz', 'nouveau mot de passe', ' ', 'Neues Passwort', 'nuova password', '', '  ', ' ', 'novum password', 'kata sandi baru', '', ' '),
(203, 'confirm_new_password', 'confirm new password', '   ', 'confirmar nueva contrasea', '   ', 'Bevestig nieuw wachtwoord', '  ', '', 'yeni parolay onaylayn', 'confirmar nova senha', 'erstse meg az j jelszt', 'confirmer le nouveau mot de passe', '   ', 'Besttigen eines neuen Kennwortes', 'conferma la nuova password', '', '    ', '   ', 'confirma novum password', 'konfirmasi password baru', '', '  '),
(204, 'update_password', 'update password', ' ', 'actualizar la contrasea', '  ', 'updaten wachtwoord', ' ', '', 'Parolanz gncellemek', 'atualizar senha', 'frissti jelsz', 'mettre  jour le mot de passe', '   ', 'Kennwort aktualisieren', 'aggiornare la password', '', '  ', ' ', 'scelerisque eget', 'memperbarui sandi', '', ' '),
(205, 'teacher_dashboard', 'teacher dashboard', ' ', 'tablero maestro', '   ', 'leraar dashboard', '  ', '', 'retmen pano', 'dashboard professor', 'tanr mszerfal', 'enseignant tableau de bord', '  ', 'Lehrer-Dashboard', 'dashboard insegnante', '', '  ', ' ', 'magister Dashboard', 'dashboard guru', '', '  '),
(206, 'backup_restore_help', 'backup restore help', '  ', 'copia de seguridad restaurar ayuda', '   ', 'backup helpen herstellen', '   ', '', 'yedekleme yardm geri', 'de backup restaurar ajuda', 'Backup Restore segtsgvel', 'restauration de sauvegarde de l\'aide', '   ', 'Backup wiederherstellen Hilfe', 'Backup Restore aiuto', '', '    ', '  ', 'auxilium tergum restituunt', 'backup restore bantuan', '', '  '),
(207, 'student_dashboard', 'student dashboard', ' ', 'salpicadero estudiante', '  ', 'student dashboard', '  ', '', 'renci paneli', 'dashboard estudante', 'tanul mszerfal', 'tableau de bord de l\'lve', '  ', 'Schler Armaturenbrett', 'studente dashboard', '', '    ', ' ', 'Discipulus Dashboard', 'dashboard mahasiswa', '', '  '),
(208, 'parent_dashboard', 'parent dashboard', ' ', 'salpicadero padres', '   ', 'ouder dashboard', '  ', '', 'ebeveyn kontrol paneli', 'dashboard pai', 'szl mszerfal', 'parent tableau de bord', ' ', 'Mutter Armaturenbrett', 'dashboard genitore', '', '   ', ' -  ', 'Dashboard parent', 'orangtua dashboard', '', '  '),
(209, 'view_marks', 'view marks', ' ', 'Vista marcas', ' ', 'view merken', ' ', '', 'grnm iaretleri', 'vista marcas', 'view jelek', 'Vue marques', ' ', 'Ansicht Marken', 'Vista marchi', '', ' ', '  ', 'propter signa', 'lihat tanda', '', ' '),
(210, 'delete_language', 'delete language', ' ', 'eliminar el lenguaje', ' ', 'verwijderen taal', ' ', '', 'dili silme', 'excluir lngua', 'trlse nyelv', 'supprimer la langue', ' ', 'Sprache lschen', 'eliminare lingua', '', '    ', '  ', 'linguam turpis', 'menghapus bahasa', '', ' '),
(211, 'settings_updated', 'settings updated', ' ', 'configuracin actualizado', ' ', 'instellingen bijgewerkt', ' ', '', 'ayarlar gncellendi', 'definies atualizadas', 'belltsok frisstve', 'paramtres mis  jour', ' ', 'Einstellungen aktualisiert', 'impostazioni aggiornate', '', '   ', ' ', 'venenatis eu', 'pengaturan diperbarui', '', ' '),
(212, 'update_phrase', 'update phrase', ' ', 'actualizacin de la frase', ' ', 'Update zin', ' ', '', 'gncelleme ifade', 'atualizao frase', 'frisstst kifejezs', 'mise  jour phrase', ' ', 'Update Begriff', 'aggiornamento frase', '', '  ', ' ', 'eget dictum', 'frase pembaruan', '', ' '),
(213, 'login_failed', 'login failed', '  ', 'Error de acceso', '  ', 'inloggen is mislukt', ' ', '', 'giri baarsz oldu', 'Falha no login', 'bejelentkezs sikertelen', 'chec de la connexion', ' ', 'Fehler bei der Anmeldung', 'Accesso non riuscito', '', '  ', ' ', 'tincidunt defecit', 'Login gagal', '', ' '),
(214, 'live_chat', 'live chat', ' ', 'chat en vivo', ' ', 'live chat', '-', '', 'canl sohbet', 'chat ao vivo', 'l chat', 'chat en direct', 'live chat', 'Live-Chat', 'live chat', '', ' ', ' ', 'Vivamus nibh', 'live chat', '', ' '),
(215, 'client 1', 'client 1', ' 1', 'cliente 1', ' 1', 'client 1', ' 1', '1', 'istemcisi 1', 'cliente 1', 'gyfl 1', 'client 1', ' 1', 'Client 1', 'client 1', ' 1', ' 1', ' 1', 'I huius', 'client 1', '1', ' 1'),
(216, 'buyer', 'buyer', '', 'comprador', '', 'koper', '', '', 'alc', 'comprador', 'vev', 'acheteur', '', 'Kufer', 'compratore', '', '', '', 'qui emit,', 'pembeli', '', ''),
(217, 'purchase_code', 'purchase code', ' ', 'cdigo de compra', ' ', 'aankoop code', ' ', '', 'satn alma kodu', 'cdigo de compra', 'vsrlsi kdot', 'code d\'achat', ' ', 'Kauf-Code', 'codice di acquisto', '', '  ', ' ', 'Mauris euismod', 'kode pembelian', '', ' '),
(218, 'system_email', 'system email', ' ', 'correo electrnico del sistema', '  ', 'systeem e-mail', '  ', '', 'sistem e-posta', 'e-mail do sistema', 'a rendszer az e-mail', 'email de systme', 'e-mail ', 'E-Mail-System', 'email sistema', '', '   ', ' ', 'Praesent sit amet', 'email sistem', '', '  '),
(219, 'option', 'option', '', 'opcin', '', 'optie', '', '', 'seenek', 'opo', 'opci', 'option', '', 'Option', 'opzione', '', '', '', 'optio', 'pilihan', '', ''),
(220, 'edit_phrase', 'edit phrase', ' ', 'edit frase', ' ', 'bewerk zin', ' ', '', 'edit ifade', 'edio frase', 'szerkeszts kifejezs', 'modifier phrase', 'edit ', 'edit Begriff', 'modifica frase', '', '  ', ' ', 'edit phrase', 'mengedit frase', '', ' '),
(221, 'forgot_your_password', 'Forgot Your Password', '', '', '', '', '', '', '', '', '', '', '', '', '', '', '', '', '', '', '', ''),
(222, 'forgot_password', 'Forgot Password', '', '', '', '', '', '', '', '', '', '', '', '', '', '', '', '', '', '', '', ''),
(223, 'back_to_login', 'Back To Login', '', '', '', '', '', '', '', '', '', '', '', '', '', '', '', '', '', '', '', ''),
(224, 'return_to_login_page', 'Return to Login Page', '', '', '', '', '', '', '', '', '', '', '', '', '', '', '', '', '', '', '', ''),
(225, 'admit_student', 'Admit Student', '', '', '', '', '', '', '', '', '', '', '', '', '', '', '', '', '', '', '', ''),
(226, 'admit_bulk_student', 'Admit Bulk Student', '', '', '', '', '', '', '', '', '', '', '', '', '', '', '', '', '', '', '', ''),
(227, 'student_information', 'Student Information', '', '', '', '', '', '', '', '', '', '', '', '', '', '', '', '', '', '', '', ''),
(228, 'student_marksheet', 'Student Mark Sheet', '', '', '', '', '', '', '', '', '', '', '', '', '', '', '', '', '', '', '', ''),
(229, 'daily_attendance', 'Daily Attendance', '', '', '', '', '', '', '', '', '', '', '', '', '', '', '', '', '', '', '', ''),
(230, 'exam_grades', '', '', '', '', '', '', '', '', '', '', '', '', '', '', '', '', '', '', '', '', ''),
(231, 'message', '', '', '', '', '', '', '', '', '', '', '', '', '', '', '', '', '', '', '', '', ''),
(232, 'general_settings', '', '', '', '', '', '', '', '', '', '', '', '', '', '', '', '', '', '', '', '', ''),
(233, 'language_settings', '', '', '', '', '', '', '', '', '', '', '', '', '', '', '', '', '', '', '', '', ''),
(234, 'edit_profile', '', '', '', '', '', '', '', '', '', '', '', '', '', '', '', '', '', '', '', '', ''),
(235, 'event_schedule', '', '', '', '', '', '', '', '', '', '', '', '', '', '', '', '', '', '', '', '', ''),
(236, 'cancel', '', '', '', '', '', '', '', '', '', '', '', '', '', '', '', '', '', '', '', '', ''),
(237, 'addmission_form', '', '', '', '', '', '', '', '', '', '', '', '', '', '', '', '', '', '', '', '', ''),
(238, 'value_required', '', '', '', '', '', '', '', '', '', '', '', '', '', '', '', '', '', '', '', '', ''),
(239, 'select', '', '', '', '', '', '', '', '', '', '', '', '', '', '', '', '', '', '', '', '', ''),
(240, 'gender', '', '', '', '', '', '', '', '', '', '', '', '', '', '', '', '', '', '', '', '', ''),
(241, 'add_bulk_student', '', '', '', '', '', '', '', '', '', '', '', '', '', '', '', '', '', '', '', '', ''),
(242, 'student_bulk_add_form', '', '', '', '', '', '', '', '', '', '', '', '', '', '', '', '', '', '', '', '', ''),
(243, 'select_excel_file', '', '', '', '', '', '', '', '', '', '', '', '', '', '', '', '', '', '', '', '', ''),
(244, 'upload_and_import', '', '', '', '', '', '', '', '', '', '', '', '', '', '', '', '', '', '', '', '', ''),
(245, 'manage_classes', '', '', '', '', '', '', '', '', '', '', '', '', '', '', '', '', '', '', '', '', ''),
(246, 'manage_sections', '', '', '', '', '', '', '', '', '', '', '', '', '', '', '', '', '', '', '', '', ''),
(247, 'add_new_teacher', '', '', '', '', '', '', '', '', '', '', '', '', '', '', '', '', '', '', '', '', ''),
(248, 'section_name', '', '', '', '', '', '', '', '', '', '', '', '', '', '', '', '', '', '', '', '', ''),
(249, 'nick_name', '', '', '', '', '', '', '', '', '', '', '', '', '', '', '', '', '', '', '', '', ''),
(250, 'add_new_section', '', '', '', '', '', '', '', '', '', '', '', '', '', '', '', '', '', '', '', '', ''),
(251, 'add_section', '', '', '', '', '', '', '', '', '', '', '', '', '', '', '', '', '', '', '', '', ''),
(252, 'update', '', '', '', '', '', '', '', '', '', '', '', '', '', '', '', '', '', '', '', '', ''),
(253, 'section', '', '', '', '', '', '', '', '', '', '', '', '', '', '', '', '', '', '', '', '', ''),
(254, 'select_class_first', '', '', '', '', '', '', '', '', '', '', '', '', '', '', '', '', '', '', '', '', ''),
(255, 'parent_information', '', '', '', '', '', '', '', '', '', '', '', '', '', '', '', '', '', '', '', '', ''),
(256, 'relation', '', '', '', '', '', '', '', '', '', '', '', '', '', '', '', '', '', '', '', '', ''),
(257, 'add_form', '', '', '', '', '', '', '', '', '', '', '', '', '', '', '', '', '', '', '', '', ''),
(258, 'all_parents', '', '', '', '', '', '', '', '', '', '', '', '', '', '', '', '', '', '', '', '', ''),
(259, 'parents', '', '', '', '', '', '', '', '', '', '', '', '', '', '', '', '', '', '', '', '', ''),
(260, 'add_new_parent', '', '', '', '', '', '', '', '', '', '', '', '', '', '', '', '', '', '', '', '', ''),
(261, 'add_new_student', '', '', '', '', '', '', '', '', '', '', '', '', '', '', '', '', '', '', '', '', ''),
(262, 'all_students', '', '', '', '', '', '', '', '', '', '', '', '', '', '', '', '', '', '', '', '', ''),
(263, 'view_marksheet', '', '', '', '', '', '', '', '', '', '', '', '', '', '', '', '', '', '', '', '', ''),
(264, 'text_align', '', '', '', '', '', '', '', '', '', '', '', '', '', '', '', '', '', '', '', '', ''),
(265, 'clickatell_username', '', '', '', '', '', '', '', '', '', '', '', '', '', '', '', '', '', '', '', '', ''),
(266, 'clickatell_password', '', '', '', '', '', '', '', '', '', '', '', '', '', '', '', '', '', '', '', '', ''),
(267, 'clickatell_api_id', '', '', '', '', '', '', '', '', '', '', '', '', '', '', '', '', '', '', '', '', ''),
(268, 'sms_settings', '', '', '', '', '', '', '', '', '', '', '', '', '', '', '', '', '', '', '', '', ''),
(269, 'data_updated', '', '', '', '', '', '', '', '', '', '', '', '', '', '', '', '', '', '', '', '', ''),
(270, 'data_added_successfully', '', '', '', '', '', '', '', '', '', '', '', '', '', '', '', '', '', '', '', '', ''),
(271, 'edit_notice', '', '', '', '', '', '', '', '', '', '', '', '', '', '', '', '', '', '', '', '', ''),
(272, 'private_messaging', '', '', '', '', '', '', '', '', '', '', '', '', '', '', '', '', '', '', '', '', ''),
(273, 'messages', '', '', '', '', '', '', '', '', '', '', '', '', '', '', '', '', '', '', '', '', ''),
(274, 'new_message', '', '', '', '', '', '', '', '', '', '', '', '', '', '', '', '', '', '', '', '', ''),
(275, 'write_new_message', '', '', '', '', '', '', '', '', '', '', '', '', '', '', '', '', '', '', '', '', ''),
(276, 'recipient', '', '', '', '', '', '', '', '', '', '', '', '', '', '', '', '', '', '', '', '', ''),
(277, 'select_a_user', '', '', '', '', '', '', '', '', '', '', '', '', '', '', '', '', '', '', '', '', ''),
(278, 'write_your_message', '', '', '', '', '', '', '', '', '', '', '', '', '', '', '', '', '', '', '', '', ''),
(279, 'send', '', '', '', '', '', '', '', '', '', '', '', '', '', '', '', '', '', '', '', '', ''),
(280, 'current_password', '', '', '', '', '', '', '', '', '', '', '', '', '', '', '', '', '', '', '', '', ''),
(281, 'exam_marks', '', '', '', '', '', '', '', '', '', '', '', '', '', '', '', '', '', '', '', '', ''),
(282, 'marks_obtained', '', '', '', '', '', '', '', '', '', '', '', '', '', '', '', '', '', '', '', '', ''),
(283, 'total_marks', '', '', '', '', '', '', '', '', '', '', '', '', '', '', '', '', '', '', '', '', ''),
(284, 'comments', '', '', '', '', '', '', '', '', '', '', '', '', '', '', '', '', '', '', '', '', ''),
(285, 'theme_settings', '', '', '', '', '', '', '', '', '', '', '', '', '', '', '', '', '', '', '', '', ''),
(286, 'select_theme', '', '', '', '', '', '', '', '', '', '', '', '', '', '', '', '', '', '', '', '', ''),
(287, 'theme_selected', '', '', '', '', '', '', '', '', '', '', '', '', '', '', '', '', '', '', '', '', ''),
(288, 'language_list', '', '', '', '', '', '', '', '', '', '', '', '', '', '', '', '', '', '', '', '', ''),
(289, 'payment_cancelled', '', '', '', '', '', '', '', '', '', '', '', '', '', '', '', '', '', '', '', '', ''),
(290, 'study_material', '', '', '', '', '', '', '', '', '', '', '', '', '', '', '', '', '', '', '', '', ''),
(291, 'download', '', '', '', '', '', '', '', '', '', '', '', '', '', '', '', '', '', '', '', '', ''),
(292, 'select_a_theme_to_make_changes', '', '', '', '', '', '', '', '', '', '', '', '', '', '', '', '', '', '', '', '', ''),
(293, 'manage_daily_attendance', '', '', '', '', '', '', '', '', '', '', '', '', '', '', '', '', '', '', '', '', ''),
(294, 'select_date', '', '', '', '', '', '', '', '', '', '', '', '', '', '', '', '', '', '', '', '', ''),
(295, 'select_month', '', '', '', '', '', '', '', '', '', '', '', '', '', '', '', '', '', '', '', '', ''),
(296, 'select_year', '', '', '', '', '', '', '', '', '', '', '', '', '', '', '', '', '', '', '', '', ''),
(297, 'manage_attendance', '', '', '', '', '', '', '', '', '', '', '', '', '', '', '', '', '', '', '', '', ''),
(298, 'twilio_account', '', '', '', '', '', '', '', '', '', '', '', '', '', '', '', '', '', '', '', '', ''),
(299, 'authentication_token', '', '', '', '', '', '', '', '', '', '', '', '', '', '', '', '', '', '', '', '', ''),
(300, 'registered_phone_number', '', '', '', '', '', '', '', '', '', '', '', '', '', '', '', '', '', '', '', '', ''),
(301, 'select_a_service', '', '', '', '', '', '', '', '', '', '', '', '', '', '', '', '', '', '', '', '', ''),
(302, 'active', '', '', '', '', '', '', '', '', '', '', '', '', '', '', '', '', '', '', '', '', ''),
(303, 'disable_sms_service', '', '', '', '', '', '', '', '', '', '', '', '', '', '', '', '', '', '', '', '', ''),
(304, 'not_selected', '', '', '', '', '', '', '', '', '', '', '', '', '', '', '', '', '', '', '', '', ''),
(305, 'disabled', '', '', '', '', '', '', '', '', '', '', '', '', '', '', '', '', '', '', '', '', ''),
(306, 'present', '', '', '', '', '', '', '', '', '', '', '', '', '', '', '', '', '', '', '', '', ''),
(307, 'absent', '', '', '', '', '', '', '', '', '', '', '', '', '', '', '', '', '', '', '', '', ''),
(308, 'accounting', '', '', '', '', '', '', '', '', '', '', '', '', '', '', '', '', '', '', '', '', ''),
(309, 'income', '', '', '', '', '', '', '', '', '', '', '', '', '', '', '', '', '', '', '', '', ''),
(310, 'expense', '', '', '', '', '', '', '', '', '', '', '', '', '', '', '', '', '', '', '', '', ''),
(311, 'incomes', '', '', '', '', '', '', '', '', '', '', '', '', '', '', '', '', '', '', '', '', ''),
(312, 'invoice_informations', '', '', '', '', '', '', '', '', '', '', '', '', '', '', '', '', '', '', '', '', ''),
(313, 'payment_informations', '', '', '', '', '', '', '', '', '', '', '', '', '', '', '', '', '', '', '', '', ''),
(314, 'total', '', '', '', '', '', '', '', '', '', '', '', '', '', '', '', '', '', '', '', '', ''),
(315, 'enter_total_amount', '', '', '', '', '', '', '', '', '', '', '', '', '', '', '', '', '', '', '', '', ''),
(316, 'enter_payment_amount', '', '', '', '', '', '', '', '', '', '', '', '', '', '', '', '', '', '', '', '', ''),
(317, 'payment_status', '', '', '', '', '', '', '', '', '', '', '', '', '', '', '', '', '', '', '', '', ''),
(318, 'method', '', '', '', '', '', '', '', '', '', '', '', '', '', '', '', '', '', '', '', '', ''),
(319, 'cash', '', '', '', '', '', '', '', '', '', '', '', '', '', '', '', '', '', '', '', '', ''),
(320, 'check', '', '', '', '', '', '', '', '', '', '', '', '', '', '', '', '', '', '', '', '', ''),
(321, 'card', '', '', '', '', '', '', '', '', '', '', '', '', '', '', '', '', '', '', '', '', ''),
(322, 'data_deleted', '', '', '', '', '', '', '', '', '', '', '', '', '', '', '', '', '', '', '', '', ''),
(323, 'total_amount', '', '', '', '', '', '', '', '', '', '', '', '', '', '', '', '', '', '', '', '', ''),
(324, 'take_payment', '', '', '', '', '', '', '', '', '', '', '', '', '', '', '', '', '', '', '', '', ''),
(325, 'payment_history', '', '', '', '', '', '', '', '', '', '', '', '', '', '', '', '', '', '', '', '', ''),
(326, 'amount_paid', '', '', '', '', '', '', '', '', '', '', '', '', '', '', '', '', '', '', '', '', ''),
(327, 'due', '', '', '', '', '', '', '', '', '', '', '', '', '', '', '', '', '', '', '', '', ''),
(328, 'payment_successfull', '', '', '', '', '', '', '', '', '', '', '', '', '', '', '', '', '', '', '', '', ''),
(329, 'creation_date', '', '', '', '', '', '', '', '', '', '', '', '', '', '', '', '', '', '', '', '', ''),
(330, 'invoice_entries', '', '', '', '', '', '', '', '', '', '', '', '', '', '', '', '', '', '', '', '', ''),
(331, 'paid_amount', '', '', '', '', '', '', '', '', '', '', '', '', '', '', '', '', '', '', '', '', ''),
(332, 'send_sms_to_all', '', '', '', '', '', '', '', '', '', '', '', '', '', '', '', '', '', '', '', '', ''),
(333, 'yes', '', '', '', '', '', '', '', '', '', '', '', '', '', '', '', '', '', '', '', '', ''),
(334, 'no', '', '', '', '', '', '', '', '', '', '', '', '', '', '', '', '', '', '', '', '', ''),
(335, 'activated', '', '', '', '', '', '', '', '', '', '', '', '', '', '', '', '', '', '', '', '', ''),
(336, 'sms_service_not_activated', '', '', '', '', '', '', '', '', '', '', '', '', '', '', '', '', '', '', '', '', ''),
(337, 'add_study_material', '', '', '', '', '', '', '', '', '', '', '', '', '', '', '', '', '', '', '', '', ''),
(338, 'file', '', '', '', '', '', '', '', '', '', '', '', '', '', '', '', '', '', '', '', '', ''),
(339, 'file_type', '', '', '', '', '', '', '', '', '', '', '', '', '', '', '', '', '', '', '', '', ''),
(340, 'select_file_type', '', '', '', '', '', '', '', '', '', '', '', '', '', '', '', '', '', '', '', '', ''),
(341, 'image', '', '', '', '', '', '', '', '', '', '', '', '', '', '', '', '', '', '', '', '', ''),
(342, 'doc', '', '', '', '', '', '', '', '', '', '', '', '', '', '', '', '', '', '', '', '', ''),
(343, 'pdf', '', '', '', '', '', '', '', '', '', '', '', '', '', '', '', '', '', '', '', '', ''),
(344, 'excel', '', '', '', '', '', '', '', '', '', '', '', '', '', '', '', '', '', '', '', '', ''),
(345, 'other', '', '', '', '', '', '', '', '', '', '', '', '', '', '', '', '', '', '', '', '', ''),
(346, 'expenses', '', '', '', '', '', '', '', '', '', '', '', '', '', '', '', '', '', '', '', '', ''),
(347, 'add_new_expense', '', '', '', '', '', '', '', '', '', '', '', '', '', '', '', '', '', '', '', '', ''),
(348, 'add_expense', '', '', '', '', '', '', '', '', '', '', '', '', '', '', '', '', '', '', '', '', ''),
(349, 'edit_expense', '', '', '', '', '', '', '', '', '', '', '', '', '', '', '', '', '', '', '', '', ''),
(350, 'total_mark', '', '', '', '', '', '', '', '', '', '', '', '', '', '', '', '', '', '', '', '', ''),
(351, 'send_marks_by_sms', '', '', '', '', '', '', '', '', '', '', '', '', '', '', '', '', '', '', '', '', ''),
(352, 'send_marks', '', '', '', '', '', '', '', '', '', '', '', '', '', '', '', '', '', '', '', '', ''),
(353, 'select_receiver', '', '', '', '', '', '', '', '', '', '', '', '', '', '', '', '', '', '', '', '', ''),
(354, 'students', '', '', '', '', '', '', '', '', '', '', '', '', '', '', '', '', '', '', '', '', ''),
(355, 'marks_of', '', '', '', '', '', '', '', '', '', '', '', '', '', '', '', '', '', '', '', '', ''),
(356, 'for', '', '', '', '', '', '', '', '', '', '', '', '', '', '', '', '', '', '', '', '', ''),
(357, 'message_sent', '', '', '', '', '', '', '', '', '', '', '', '', '', '', '', '', '', '', '', '', ''),
(358, 'expense_category', '', '', '', '', '', '', '', '', '', '', '', '', '', '', '', '', '', '', '', '', ''),
(359, 'add_new_expense_category', '', '', '', '', '', '', '', '', '', '', '', '', '', '', '', '', '', '', '', '', ''),
(360, 'add_expense_category', '', '', '', '', '', '', '', '', '', '', '', '', '', '', '', '', '', '', '', '', ''),
(361, 'category', '', '', '', '', '', '', '', '', '', '', '', '', '', '', '', '', '', '', '', '', ''),
(362, 'select_expense_category', '', '', '', '', '', '', '', '', '', '', '', '', '', '', '', '', '', '', '', '', ''),
(363, 'message_sent!', '', '', '', '', '', '', '', '', '', '', '', '', '', '', '', '', '', '', '', '', ''),
(364, 'reply_message', '', '', '', '', '', '', '', '', '', '', '', '', '', '', '', '', '', '', '', '', ''),
(365, 'account_updated', '', '', '', '', '', '', '', '', '', '', '', '', '', '', '', '', '', '', '', '', ''),
(366, 'upload_logo', '', '', '', '', '', '', '', '', '', '', '', '', '', '', '', '', '', '', '', '', ''),
(367, 'upload', 'Upload', '', '', '', '', '', '', '', '', '', '', '', '', '', '', '', '', '', '', '', ''),
(368, 'study_material_info_saved_successfuly', '', '', '', '', '', '', '', '', '', '', '', '', '', '', '', '', '', '', '', '', ''),
(369, 'edit_study_material', '', '', '', '', '', '', '', '', '', '', '', '', '', '', '', '', '', '', '', '', ''),
(370, 'default_theme', '', '', '', '', '', '', '', '', '', '', '', '', '', '', '', '', '', '', '', '', ''),
(371, 'default', '', '', '', '', '', '', '', '', '', '', '', '', '', '', '', '', '', '', '', '', ''),
(372, 'acd_session', '', '', '', '', '', '', '', '', '', '', '', '', '', '', '', '', '', '', '', '', ''),
(373, 'academic_session', '', '', '', '', '', '', '', '', '', '', '', '', '', '', '', '', '', '', '', '', ''),
(374, 'online_admission', '', '', '', '', '', '', '', '', '', '', '', '', '', '', '', '', '', '', '', '', ''),
(375, 'session_list', '', '', '', '', '', '', '', '', '', '', '', '', '', '', '', '', '', '', '', '', ''),
(376, 'add_session', '', '', '', '', '', '', '', '', '', '', '', '', '', '', '', '', '', '', '', '', ''),
(377, 'is_open', '', '', '', '', '', '', '', '', '', '', '', '', '', '', '', '', '', '', '', '', ''),
(378, 'active_date', '', '', '', '', '', '', '', '', '', '', '', '', '', '', '', '', '', '', '', '', ''),
(379, 'edit_session', '', '', '', '', '', '', '', '', '', '', '', '', '', '', '', '', '', '', '', '', ''),
(380, 'student_application_list', '', '', '', '', '', '', '', '', '', '', '', '', '', '', '', '', '', '', '', '', ''),
(381, 'add_student_application', '', '', '', '', '', '', '', '', '', '', '', '', '', '', '', '', '', '', '', '', ''),
(382, 'pay_status', '', '', '', '', '', '', '', '', '', '', '', '', '', '', '', '', '', '', '', '', ''),
(383, 'from_date', '', '', '', '', '', '', '', '', '', '', '', '', '', '', '', '', '', '', '', '', ''),
(384, 'to_date', '', '', '', '', '', '', '', '', '', '', '', '', '', '', '', '', '', '', '', '', ''),
(385, 'start_date', '', '', '', '', '', '', '', '', '', '', '', '', '', '', '', '', '', '', '', '', ''),
(386, 'end_date', '', '', '', '', '', '', '', '', '', '', '', '', '', '', '', '', '', '', '', '', ''),
(387, 'Name', '', '', '', '', '', '', '', '', '', '', '', '', '', '', '', '', '', '', '', '', ''),
(388, 'name_bangla', '', '', '', '', '', '', '', '', '', '', '', '', '', '', '', '', '', '', '', '', ''),
(389, 'name_english', '', '', '', '', '', '', '', '', '', '', '', '', '', '', '', '', '', '', '', '', ''),
(390, 'fridom_fighter_son', '', '', '', '', '', '', '', '', '', '', '', '', '', '', '', '', '', '', '', '', ''),
(391, 'gardian_name', '', '', '', '', '', '', '', '', '', '', '', '', '', '', '', '', '', '', '', '', ''),
(392, 'upojati', '', '', '', '', '', '', '', '', '', '', '', '', '', '', '', '', '', '', '', '', ''),
(393, 'FFS', '', '', '', '', '', '', '', '', '', '', '', '', '', '', '', '', '', '', '', '', ''),
(394, 'fridom_fighter', '', '', '', '', '', '', '', '', '', '', '', '', '', '', '', '', '', '', '', '', ''),
(395, 'Nationality', '', '', '', '', '', '', '', '', '', '', '', '', '', '', '', '', '', '', '', '', ''),
(396, 'islam', '', '', '', '', '', '', '', '', '', '', '', '', '', '', '', '', '', '', '', '', ''),
(397, 'hindu', '', '', '', '', '', '', '', '', '', '', '', '', '', '', '', '', '', '', '', '', ''),
(398, 'present_address', '', '', '', '', '', '', '', '', '', '', '', '', '', '', '', '', '', '', '', '', ''),
(399, 'Parmanent_address', '', '', '', '', '', '', '', '', '', '', '', '', '', '', '', '', '', '', '', '', ''),
(400, 'Current_address', '', '', '', '', '', '', '', '', '', '', '', '', '', '', '', '', '', '', '', '', ''),
(401, 'technology', '', '', '', '', '', '', '', '', '', '', '', '', '', '', '', '', '', '', '', '', ''),
(402, 'textile', '', '', '', '', '', '', '', '', '', '', '', '', '', '', '', '', '', '', '', '', ''),
(403, 'electrical', '', '', '', '', '', '', '', '', '', '', '', '', '', '', '', '', '', '', '', '', ''),
(404, 'Academic_details', '', '', '', '', '', '', '', '', '', '', '', '', '', '', '', '', '', '', '', '', ''),
(405, 'SSC(General)', '', '', '', '', '', '', '', '', '', '', '', '', '', '', '', '', '', '', '', '', ''),
(406, 'SSC(Vocational)', '', '', '', '', '', '', '', '', '', '', '', '', '', '', '', '', '', '', '', '', ''),
(407, 'Trade(Two-Years)', '', '', '', '', '', '', '', '', '', '', '', '', '', '', '', '', '', '', '', '', ''),
(408, 'Dakhil(Vocational)', '', '', '', '', '', '', '', '', '', '', '', '', '', '', '', '', '', '', '', '', ''),
(409, 'Photo', '', '', '', '', '', '', '', '', '', '', '', '', '', '', '', '', '', '', '', '', ''),
(410, 'Name', '', '', '', '', '', '', '', '', '', '', '', '', '', '', '', '', '', '', '', '', ''),
(411, 'Photo', '', '', '', '', '', '', '', '', '', '', '', '', '', '', '', '', '', '', '', '', ''),
(412, 'Name', '', '', '', '', '', '', '', '', '', '', '', '', '', '', '', '', '', '', '', '', ''),
(413, 'Photo', '', '', '', '', '', '', '', '', '', '', '', '', '', '', '', '', '', '', '', '', ''),
(414, 'Name', '', '', '', '', '', '', '', '', '', '', '', '', '', '', '', '', '', '', '', '', ''),
(415, 'Photo', '', '', '', '', '', '', '', '', '', '', '', '', '', '', '', '', '', '', '', '', ''),
(416, 'Name', '', '', '', '', '', '', '', '', '', '', '', '', '', '', '', '', '', '', '', '', ''),
(417, 'Photo', '', '', '', '', '', '', '', '', '', '', '', '', '', '', '', '', '', '', '', '', ''),
(418, 'Name', '', '', '', '', '', '', '', '', '', '', '', '', '', '', '', '', '', '', '', '', ''),
(419, 'Photo', '', '', '', '', '', '', '', '', '', '', '', '', '', '', '', '', '', '', '', '', ''),
(420, 'Name', '', '', '', '', '', '', '', '', '', '', '', '', '', '', '', '', '', '', '', '', ''),
(421, 'Photo', '', '', '', '', '', '', '', '', '', '', '', '', '', '', '', '', '', '', '', '', ''),
(422, 'Name', '', '', '', '', '', '', '', '', '', '', '', '', '', '', '', '', '', '', '', '', ''),
(423, 'Photo', '', '', '', '', '', '', '', '', '', '', '', '', '', '', '', '', '', '', '', '', ''),
(424, 'Name', '', '', '', '', '', '', '', '', '', '', '', '', '', '', '', '', '', '', '', '', ''),
(425, 'Photo', '', '', '', '', '', '', '', '', '', '', '', '', '', '', '', '', '', '', '', '', ''),
(426, 'Name', '', '', '', '', '', '', '', '', '', '', '', '', '', '', '', '', '', '', '', '', ''),
(427, 'Actions', '', '', '', '', '', '', '', '', '', '', '', '', '', '', '', '', '', '', '', '', ''),
(428, 'Photo', '', '', '', '', '', '', '', '', '', '', '', '', '', '', '', '', '', '', '', '', ''),
(429, 'Name', '', '', '', '', '', '', '', '', '', '', '', '', '', '', '', '', '', '', '', '', ''),
(430, 'Photo', '', '', '', '', '', '', '', '', '', '', '', '', '', '', '', '', '', '', '', '', '');
INSERT INTO `language` (`phrase_id`, `phrase`, `english`, `bengali`, `spanish`, `arabic`, `dutch`, `russian`, `chinese`, `turkish`, `portuguese`, `hungarian`, `french`, `greek`, `german`, `italian`, `thai`, `urdu`, `hindi`, `latin`, `indonesian`, `japanese`, `korean`) VALUES
(431, 'Name', '', '', '', '', '', '', '', '', '', '', '', '', '', '', '', '', '', '', '', '', ''),
(432, 'Apply_Date', '', '', '', '', '', '', '', '', '', '', '', '', '', '', '', '', '', '', '', '', ''),
(433, 'Photo', '', '', '', '', '', '', '', '', '', '', '', '', '', '', '', '', '', '', '', '', ''),
(434, 'Name', '', '', '', '', '', '', '', '', '', '', '', '', '', '', '', '', '', '', '', '', ''),
(435, 'Photo', '', '', '', '', '', '', '', '', '', '', '', '', '', '', '', '', '', '', '', '', ''),
(436, 'Name', '', '', '', '', '', '', '', '', '', '', '', '', '', '', '', '', '', '', '', '', ''),
(437, 'Cell_No', '', '', '', '', '', '', '', '', '', '', '', '', '', '', '', '', '', '', '', '', ''),
(438, 'Photo', '', '', '', '', '', '', '', '', '', '', '', '', '', '', '', '', '', '', '', '', ''),
(439, 'Name', '', '', '', '', '', '', '', '', '', '', '', '', '', '', '', '', '', '', '', '', ''),
(440, 'Photo', '', '', '', '', '', '', '', '', '', '', '', '', '', '', '', '', '', '', '', '', ''),
(441, 'Full_Name', '', '', '', '', '', '', '', '', '', '', '', '', '', '', '', '', '', '', '', '', ''),
(442, 'Photo', '', '', '', '', '', '', '', '', '', '', '', '', '', '', '', '', '', '', '', '', ''),
(443, 'Photo', '', '', '', '', '', '', '', '', '', '', '', '', '', '', '', '', '', '', '', '', ''),
(444, 'Report', '', '', '', '', '', '', '', '', '', '', '', '', '', '', '', '', '', '', '', '', ''),
(445, 'Photo', '', '', '', '', '', '', '', '', '', '', '', '', '', '', '', '', '', '', '', '', ''),
(446, 'Photo', '', '', '', '', '', '', '', '', '', '', '', '', '', '', '', '', '', '', '', '', ''),
(447, 'Photo', '', '', '', '', '', '', '', '', '', '', '', '', '', '', '', '', '', '', '', '', ''),
(448, 'Photo', '', '', '', '', '', '', '', '', '', '', '', '', '', '', '', '', '', '', '', '', ''),
(449, 'Photo', '', '', '', '', '', '', '', '', '', '', '', '', '', '', '', '', '', '', '', '', ''),
(450, 'Photo', '', '', '', '', '', '', '', '', '', '', '', '', '', '', '', '', '', '', '', '', ''),
(451, 'Photo', '', '', '', '', '', '', '', '', '', '', '', '', '', '', '', '', '', '', '', '', ''),
(452, 'Photo', '', '', '', '', '', '', '', '', '', '', '', '', '', '', '', '', '', '', '', '', ''),
(453, 'Photo', '', '', '', '', '', '', '', '', '', '', '', '', '', '', '', '', '', '', '', '', ''),
(454, 'Photo', '', '', '', '', '', '', '', '', '', '', '', '', '', '', '', '', '', '', '', '', ''),
(455, 'Photo', '', '', '', '', '', '', '', '', '', '', '', '', '', '', '', '', '', '', '', '', ''),
(456, 'Photo', '', '', '', '', '', '', '', '', '', '', '', '', '', '', '', '', '', '', '', '', ''),
(457, 'Photo', '', '', '', '', '', '', '', '', '', '', '', '', '', '', '', '', '', '', '', '', ''),
(458, 'Photo', '', '', '', '', '', '', '', '', '', '', '', '', '', '', '', '', '', '', '', '', ''),
(459, 'Photo', '', '', '', '', '', '', '', '', '', '', '', '', '', '', '', '', '', '', '', '', ''),
(460, 'Photo', '', '', '', '', '', '', '', '', '', '', '', '', '', '', '', '', '', '', '', '', ''),
(461, 'Photo', '', '', '', '', '', '', '', '', '', '', '', '', '', '', '', '', '', '', '', '', ''),
(462, 'Photo', '', '', '', '', '', '', '', '', '', '', '', '', '', '', '', '', '', '', '', '', ''),
(463, 'Photo', '', '', '', '', '', '', '', '', '', '', '', '', '', '', '', '', '', '', '', '', ''),
(464, 'Photo', '', '', '', '', '', '', '', '', '', '', '', '', '', '', '', '', '', '', '', '', ''),
(465, 'Photo', '', '', '', '', '', '', '', '', '', '', '', '', '', '', '', '', '', '', '', '', ''),
(466, 'Photo', '', '', '', '', '', '', '', '', '', '', '', '', '', '', '', '', '', '', '', '', ''),
(467, 'Photo', '', '', '', '', '', '', '', '', '', '', '', '', '', '', '', '', '', '', '', '', ''),
(468, 'Photo', '', '', '', '', '', '', '', '', '', '', '', '', '', '', '', '', '', '', '', '', ''),
(469, 'Photo', '', '', '', '', '', '', '', '', '', '', '', '', '', '', '', '', '', '', '', '', ''),
(470, 'Photo', '', '', '', '', '', '', '', '', '', '', '', '', '', '', '', '', '', '', '', '', ''),
(471, 'Photo', '', '', '', '', '', '', '', '', '', '', '', '', '', '', '', '', '', '', '', '', ''),
(472, 'Photo', '', '', '', '', '', '', '', '', '', '', '', '', '', '', '', '', '', '', '', '', ''),
(473, 'Photo', '', '', '', '', '', '', '', '', '', '', '', '', '', '', '', '', '', '', '', '', ''),
(474, 'Photo', '', '', '', '', '', '', '', '', '', '', '', '', '', '', '', '', '', '', '', '', ''),
(475, 'Photo', '', '', '', '', '', '', '', '', '', '', '', '', '', '', '', '', '', '', '', '', ''),
(476, 'on', '', '', '', '', '', '', '', '', '', '', '', '', '', '', '', '', '', '', '', '', '');

-- --------------------------------------------------------

--
-- Table structure for table `mark`
--

CREATE TABLE `mark` (
  `mark_id` int(11) NOT NULL,
  `student_id` int(11) NOT NULL,
  `subject_id` int(11) NOT NULL,
  `class_id` int(11) NOT NULL,
  `exam_id` int(11) NOT NULL,
  `mark_obtained` int(11) NOT NULL DEFAULT 0,
  `mark_total` int(11) NOT NULL DEFAULT 100,
  `comment` longtext NOT NULL
) ENGINE=InnoDB DEFAULT CHARSET=utf8 COLLATE=utf8_unicode_ci;

--
-- Dumping data for table `mark`
--

INSERT INTO `mark` (`mark_id`, `student_id`, `subject_id`, `class_id`, `exam_id`, `mark_obtained`, `mark_total`, `comment`) VALUES
(1, 3, 7, 5, 1, 55, 100, 'Need to improve'),
(2, 4, 7, 5, 1, 71, 100, 'Good, keep it up!'),
(3, 5, 7, 5, 1, 45, 100, 'Need to focus more, just passed!'),
(4, 6, 7, 5, 1, 80, 100, 'Well done!'),
(5, 7, 7, 5, 1, 50, 100, 'Need to improve'),
(6, 8, 7, 5, 1, 76, 100, 'Good, keep it up!'),
(7, 9, 7, 5, 1, 79, 100, 'Good, keep it up!'),
(8, 3, 8, 5, 1, 68, 100, 'none'),
(9, 4, 8, 5, 1, 40, 100, 'none'),
(10, 5, 8, 5, 1, 22, 100, 'none'),
(11, 6, 8, 5, 1, 0, 100, ''),
(12, 7, 8, 5, 1, 0, 100, ''),
(13, 8, 8, 5, 1, 0, 100, ''),
(14, 9, 8, 5, 1, 0, 100, ''),
(15, 13, 8, 5, 1, 0, 100, ''),
(16, 3, 9, 5, 1, 79, 100, 'none'),
(17, 4, 9, 5, 1, 0, 100, ''),
(18, 5, 9, 5, 1, 0, 100, ''),
(19, 6, 9, 5, 1, 0, 100, ''),
(20, 7, 9, 5, 1, 0, 100, ''),
(21, 8, 9, 5, 1, 0, 100, ''),
(22, 9, 9, 5, 1, 0, 100, ''),
(23, 13, 9, 5, 1, 0, 100, ''),
(24, 3, 10, 5, 1, 70, 100, 'none'),
(25, 4, 10, 5, 1, 0, 100, ''),
(26, 5, 10, 5, 1, 0, 100, ''),
(27, 6, 10, 5, 1, 0, 100, ''),
(28, 7, 10, 5, 1, 0, 100, ''),
(29, 8, 10, 5, 1, 0, 100, ''),
(30, 9, 10, 5, 1, 0, 100, ''),
(31, 13, 10, 5, 1, 0, 100, ''),
(32, 3, 11, 5, 1, 0, 100, ''),
(33, 4, 11, 5, 1, 0, 100, ''),
(34, 5, 11, 5, 1, 0, 100, ''),
(35, 6, 11, 5, 1, 0, 100, ''),
(36, 7, 11, 5, 1, 0, 100, ''),
(37, 8, 11, 5, 1, 0, 100, ''),
(38, 9, 11, 5, 1, 0, 100, ''),
(39, 13, 11, 5, 1, 0, 100, ''),
(40, 13, 7, 5, 1, 0, 100, ''),
(41, 3, 9, 5, 2, 0, 100, ''),
(42, 4, 9, 5, 2, 0, 100, ''),
(43, 5, 9, 5, 2, 0, 100, ''),
(44, 6, 9, 5, 2, 0, 100, ''),
(45, 7, 9, 5, 2, 0, 100, ''),
(46, 8, 9, 5, 2, 0, 100, ''),
(47, 9, 9, 5, 2, 0, 100, ''),
(48, 13, 9, 5, 2, 0, 100, ''),
(49, 10, 6, 4, 2, 0, 100, ''),
(50, 11, 6, 4, 2, 0, 100, ''),
(51, 14, 6, 4, 2, 0, 100, '');

-- --------------------------------------------------------

--
-- Table structure for table `message`
--

CREATE TABLE `message` (
  `message_id` int(11) NOT NULL,
  `message_thread_code` longtext NOT NULL,
  `message` longtext NOT NULL,
  `sender` longtext NOT NULL,
  `timestamp` longtext NOT NULL,
  `read_status` int(11) NOT NULL DEFAULT 0 COMMENT '0 unread 1 read'
) ENGINE=MyISAM DEFAULT CHARSET=latin1 COLLATE=latin1_swedish_ci;

--
-- Dumping data for table `message`
--

INSERT INTO `message` (`message_id`, `message_thread_code`, `message`, `sender`, `timestamp`, `read_status`) VALUES
(3, 'eb7157e52314645', 'This is a test message', 'admin-1', '1647099867', 1),
(2, '771e4077025c3f1', 'Hi There', 'admin-1', '1449767732', 0),
(4, 'eb7157e52314645', 'This is a test reply from Eleanor.', 'student-2', '1647099931', 1),
(5, '7053f3d0570a2d9', 'Dear student, this is to inform you that this is just a demo text message from the admin.', 'admin-1', '1647193784', 1),
(6, '7053f3d0570a2d9', 'demo reply', 'student-3', '1647193990', 0);

-- --------------------------------------------------------

--
-- Table structure for table `message_thread`
--

CREATE TABLE `message_thread` (
  `message_thread_id` int(11) NOT NULL,
  `message_thread_code` longtext NOT NULL,
  `sender` longtext NOT NULL,
  `reciever` longtext NOT NULL,
  `last_message_timestamp` longtext NOT NULL
) ENGINE=InnoDB DEFAULT CHARSET=utf8 COLLATE=utf8_unicode_ci;

--
-- Dumping data for table `message_thread`
--

INSERT INTO `message_thread` (`message_thread_id`, `message_thread_code`, `sender`, `reciever`, `last_message_timestamp`) VALUES
(2, '771e4077025c3f1', 'admin-1', 'student-1', ''),
(3, 'eb7157e52314645', 'admin-1', 'student-2', ''),
(4, '7053f3d0570a2d9', 'admin-1', 'student-3', '');

-- --------------------------------------------------------

--
-- Table structure for table `noticeboard`
--

CREATE TABLE `noticeboard` (
  `notice_id` int(11) NOT NULL,
  `notice_title` longtext NOT NULL,
  `notice` longtext NOT NULL,
  `create_timestamp` int(11) NOT NULL
) ENGINE=MyISAM DEFAULT CHARSET=utf8 COLLATE=utf8_unicode_ci;

--
-- Dumping data for table `noticeboard`
--

INSERT INTO `noticeboard` (`notice_id`, `notice_title`, `notice`, `create_timestamp`) VALUES
(1, 'Test Notice One', 'This is a demo notice from the school administration to inform you that this is just a simple test message. Thank you!', 1637103600);

-- --------------------------------------------------------

--
-- Table structure for table `osad_acd_history`
--

CREATE TABLE `osad_acd_history` (
  `id` int(11) NOT NULL,
  `osad_student_id` int(11) NOT NULL,
  `examtype` longtext NOT NULL,
  `group` longtext NOT NULL,
  `board` longtext NOT NULL,
  `passing_yr` longtext NOT NULL,
  `special_mark` longtext NOT NULL,
  `ttl_mark` longtext NOT NULL,
  `date` date NOT NULL
) ENGINE=InnoDB DEFAULT CHARSET=utf8 COLLATE=utf8_unicode_ci;

--
-- Dumping data for table `osad_acd_history`
--

INSERT INTO `osad_acd_history` (`id`, `osad_student_id`, `examtype`, `group`, `board`, `passing_yr`, `special_mark`, `ttl_mark`, `date`) VALUES
(1, 1, 'SSC-GENERAL', '3', 'asd', '2222', '2', '2', '2022-03-13');

-- --------------------------------------------------------

--
-- Table structure for table `osad_student`
--

CREATE TABLE `osad_student` (
  `id` int(11) NOT NULL,
  `acd_session_id` int(11) NOT NULL,
  `app_sno` int(11) NOT NULL,
  `name_en` longtext NOT NULL,
  `name_bn` longtext NOT NULL,
  `father_name` longtext NOT NULL,
  `mother_name` longtext NOT NULL,
  `gardian_name` longtext NOT NULL,
  `nationality` longtext NOT NULL,
  `technology` longtext NOT NULL,
  `ff_son` int(11) NOT NULL,
  `upjati` int(11) NOT NULL,
  `birthday` longtext NOT NULL,
  `sex` longtext NOT NULL,
  `religion` longtext NOT NULL,
  `blood_group` longtext NOT NULL,
  `pr_address` longtext NOT NULL,
  `phone` longtext NOT NULL,
  `email` longtext NOT NULL,
  `password` longtext NOT NULL,
  `class_id` longtext NOT NULL,
  `section_id` int(11) NOT NULL,
  `parent_id` int(11) NOT NULL,
  `roll` longtext NOT NULL,
  `transport_id` int(11) NOT NULL,
  `dormitory_id` int(11) NOT NULL,
  `dormitory_room_number` longtext NOT NULL,
  `pay_no` longtext NOT NULL,
  `pay_date` date NOT NULL,
  `app_date` date NOT NULL,
  `photo` varchar(200) DEFAULT NULL,
  `pay_status` int(1) DEFAULT NULL,
  `cur_address` longtext DEFAULT NULL
) ENGINE=InnoDB DEFAULT CHARSET=utf8 COLLATE=utf8_unicode_ci;

--
-- Dumping data for table `osad_student`
--

INSERT INTO `osad_student` (`id`, `acd_session_id`, `app_sno`, `name_en`, `name_bn`, `father_name`, `mother_name`, `gardian_name`, `nationality`, `technology`, `ff_son`, `upjati`, `birthday`, `sex`, `religion`, `blood_group`, `pr_address`, `phone`, `email`, `password`, `class_id`, `section_id`, `parent_id`, `roll`, `transport_id`, `dormitory_id`, `dormitory_room_number`, `pay_no`, `pay_date`, `app_date`, `photo`, `pay_status`, `cur_address`) VALUES
(1, 8, 0, 'asdas', 'asdas', 'asdas', 'asdas', 'asdas', 'asdas', 'Textile', 0, 0, '07/15/2021', 'male', 'Buddhist', '', 'asdas', '2222222222', 'asdas@asd.com', '', '', 0, 0, '', 0, 0, '', '', '0000-00-00', '2022-03-13', NULL, NULL, 'asdasd');

-- --------------------------------------------------------

--
-- Table structure for table `parent`
--

CREATE TABLE `parent` (
  `parent_id` int(11) NOT NULL,
  `name` longtext NOT NULL,
  `email` longtext NOT NULL,
  `password` longtext NOT NULL,
  `phone` longtext NOT NULL,
  `address` longtext NOT NULL,
  `profession` longtext NOT NULL
) ENGINE=MyISAM DEFAULT CHARSET=utf8 COLLATE=utf8_unicode_ci;

--
-- Dumping data for table `parent`
--

INSERT INTO `parent` (`parent_id`, `name`, `email`, `password`, `phone`, `address`, `profession`) VALUES
(1, 'Pedro S. Hathaway', 'pedro@mail.com', '123456', '3214569855', '309 Winifred Way', 'Designier'),
(2, 'Paulene D. Spain', 'pailene@gmail.com', '123456', '1450002020', '68 Morris Street', 'Nurse'),
(3, 'Ruby J. Sloan', 'ruby@mail.com', '123456', '7854444444', '806 Radford Street', 'Housewife'),
(4, 'James K. Jameson', 'james@mail.com', '123456', '7458960000', '15 Pike Street', 'Lawyer'),
(5, 'Lester O. Shelton', 'lester@mail.com', '123456', '7414440010', '10 Smith Street', 'Butcher'),
(6, 'Olga T. Decker', 'olga@mail.com', '123456', '7414741450', '56 Jarvis Street', 'Nurse'),
(7, 'James S. Scott', 'jamescott@mail.com', '123456', '7896547800', '80 Cherry Ridge Drive', 'Civil Engineer'),
(8, 'Samantha J. Wall', 'samantha@mail.com', '123456', '7890001258', '56 Harrison Street', 'Store Manager'),
(9, 'Dustin A. Chartier', 'dustin@mail.com', '123456', '7450025600', '80 Collins Avenue', 'Projectionist'),
(10, 'David L. Yanez', 'davidy@mail.com', '123456', '7950001450', '59 Rocky Road', 'Businessman'),
(11, 'Jose A. Bailey', 'josb@mail.com', '123456', '7896547801', '56 Centennial Farm Road', 'Businessman'),
(12, 'Judith J. Wilson', 'judith@mail.com', '123456', '4785478540', '65 Barrington Court', 'Sales Manager');

-- --------------------------------------------------------

--
-- Table structure for table `payment`
--

CREATE TABLE `payment` (
  `payment_id` int(11) NOT NULL,
  `expense_category_id` int(11) NOT NULL,
  `title` longtext NOT NULL,
  `payment_type` longtext NOT NULL,
  `invoice_id` int(11) NOT NULL,
  `student_id` int(11) NOT NULL,
  `method` longtext NOT NULL,
  `description` longtext NOT NULL,
  `amount` longtext NOT NULL,
  `timestamp` longtext NOT NULL
) ENGINE=MyISAM DEFAULT CHARSET=utf8 COLLATE=utf8_unicode_ci;

--
-- Dumping data for table `payment`
--

INSERT INTO `payment` (`payment_id`, `expense_category_id`, `title`, `payment_type`, `invoice_id`, `student_id`, `method`, `description`, `amount`, `timestamp`) VALUES
(1, 0, 'Monthly Fee', 'income', 1, 1, '1', 'asd', '100', '1449702000'),
(2, 0, 'Monthly Payment', 'income', 2, 3, '1', 'Payment for the month - Feb', '0', '1646089200'),
(3, 0, 'Monthly Fees - Feb', 'income', 3, 10, '3', 'Fees collection for the month of February', '770', '1646002800'),
(4, 0, 'Monthly Fees', 'income', 4, 5, '1', 'Fees collection for the month February', '990', '1646002800'),
(5, 0, 'Monthly Fees - Feb', 'income', 5, 12, '1', 'Fees Collection for the month February', '0', '1646002800'),
(6, 0, 'Monthly Fees', 'income', 6, 9, '2', 'none', '990', '1646002800');

-- --------------------------------------------------------

--
-- Table structure for table `section`
--

CREATE TABLE `section` (
  `section_id` int(11) NOT NULL,
  `name` longtext NOT NULL,
  `nick_name` longtext NOT NULL,
  `class_id` int(11) NOT NULL,
  `teacher_id` int(11) NOT NULL
) ENGINE=InnoDB DEFAULT CHARSET=utf8 COLLATE=utf8_unicode_ci;

--
-- Dumping data for table `section`
--

INSERT INTO `section` (`section_id`, `name`, `nick_name`, `class_id`, `teacher_id`) VALUES
(1, 'A', 'SectionA', 2, 2),
(2, 'B', 'SectionB', 2, 6),
(3, 'A', 'SectionA', 3, 3),
(4, 'B', 'SectionB', 3, 4),
(5, 'A', 'Section A', 4, 5),
(6, 'B', 'Section B', 4, 6),
(7, 'A', 'Section A', 5, 8),
(8, 'B', 'Section B', 5, 7);

-- --------------------------------------------------------

--
-- Table structure for table `settings`
--

CREATE TABLE `settings` (
  `settings_id` int(11) NOT NULL,
  `type` longtext CHARACTER SET utf8 COLLATE utf8_unicode_ci NOT NULL,
  `description` longtext CHARACTER SET utf8 COLLATE utf8_unicode_ci NOT NULL
) ENGINE=MyISAM DEFAULT CHARSET=latin1 COLLATE=latin1_swedish_ci;

--
-- Dumping data for table `settings`
--

INSERT INTO `settings` (`settings_id`, `type`, `description`) VALUES
(1, 'system_name', 'School Management System'),
(2, 'system_title', 'School Management System'),
(3, 'address', '93 Elm Drive, Westbury'),
(4, 'phone', '7410000010'),
(5, 'paypal_email', 'demomail@school.com'),
(6, 'currency', '$'),
(7, 'system_email', 'smsys@mail.com'),
(20, 'active_sms_service', 'clickatell'),
(11, 'language', 'english'),
(12, 'text_align', 'left-to-right'),
(13, 'clickatell_user', ''),
(14, 'clickatell_password', ''),
(15, 'clickatell_api_id', ''),
(16, 'skin_colour', 'purple'),
(17, 'twilio_account_sid', ''),
(18, 'twilio_auth_token', ''),
(19, 'twilio_sender_phone_number', '');

-- --------------------------------------------------------

--
-- Table structure for table `student`
--

CREATE TABLE `student` (
  `student_id` int(11) NOT NULL,
  `name` longtext NOT NULL,
  `birthday` longtext NOT NULL,
  `sex` longtext NOT NULL,
  `religion` longtext NOT NULL,
  `blood_group` longtext NOT NULL,
  `address` longtext NOT NULL,
  `phone` longtext NOT NULL,
  `email` longtext NOT NULL,
  `password` longtext NOT NULL,
  `father_name` longtext NOT NULL,
  `mother_name` longtext NOT NULL,
  `class_id` longtext NOT NULL,
  `section_id` int(11) NOT NULL,
  `parent_id` int(11) NOT NULL,
  `roll` longtext NOT NULL,
  `transport_id` int(11) NOT NULL,
  `dormitory_id` int(11) NOT NULL,
  `dormitory_room_number` longtext NOT NULL
) ENGINE=InnoDB DEFAULT CHARSET=utf8 COLLATE=utf8_unicode_ci;

--
-- Dumping data for table `student`
--

INSERT INTO `student` (`student_id`, `name`, `birthday`, `sex`, `religion`, `blood_group`, `address`, `phone`, `email`, `password`, `father_name`, `mother_name`, `class_id`, `section_id`, `parent_id`, `roll`, `transport_id`, `dormitory_id`, `dormitory_room_number`) VALUES
(1, 'Madeline Collins', '12/07/2007', 'Female', '', '', '23 Tea Berry Lane', '1478547855', 'collines@mail.com', '123456', '', '', '2', 1, 2, '3', 0, 0, ''),
(2, 'Eleanor Hathaway', '02/16/2010', 'Female', '', '', '302 Adams Avenue', '7400012544', 'eleanor@mail.com', '123456', '', '', '3', 3, 1, '1', 0, 0, ''),
(3, 'Martin Shelton', '09/26/2006', 'Male', '', '', '407 Happy Hollow Road', '8541110101', 'marc@mail.com', '123456', '', '', '5', 7, 5, '1', 0, 0, ''),
(4, 'Ellen Decker', '02/28/2007', 'Female', '', '', '709 Anmoore Road', '4580001450', 'ellend@mail.com', '123456', '', '', '5', 7, 6, '2', 0, 0, ''),
(5, 'Arthur Scott', '01/21/2008', 'Male', '', '', '32 Goff Avenue', '7800024580', 'arthur@mail.com', '123456', '', '', '5', 7, 7, '3', 0, 0, ''),
(6, 'Mark Wall', '11/15/2006', 'Male', '', '', '602 Sharon Lane', '4587777700', 'markw@mail.com', '123456', '', '', '5', 7, 8, '4', 0, 0, ''),
(7, 'Doris Chartier', '01/30/2007', 'Female', '', '', '10 Grasselli Street', '4780145690', 'doris@mail.com', '123456', '', '', '5', 7, 9, '5', 0, 0, ''),
(8, 'Jamie Yanez', '11/29/2006', 'Male', '', '', '17 Woodrow Way', '4569874500', 'jamie@mail.com', '123456', '', '', '5', 8, 10, '1', 0, 0, ''),
(9, 'Ray Bailey', '12/27/2005', 'Male', '', '', '70 Jarvisville Road', '4701597530', 'rayb@mail.com', '123456', '', '', '5', 8, 11, '2', 0, 0, ''),
(10, 'Ruth Sloan', '07/16/2009', 'Female', '', '', '206 Tavern Place', '4785698740', 'ruths@mail.com', '123456', '', '', '4', 5, 3, '3', 0, 0, ''),
(11, 'Brent Scott', '12/31/2009', 'Male', '', '', '98 Loving Acres Road', '4780000020', 'brent@mail.com', '123456', '', '', '4', 5, 7, '4', 0, 0, ''),
(12, 'Martha Jameson', '02/14/2008', 'Female', '', '', '31 Woodrow Way', '4741458411', 'martha@mail.com', '123456', '', '', '3', 4, 4, '4', 0, 0, ''),
(13, 'Tony Wilson', '06/12/2007', 'Male', '', '', '58 Raccoon Run', '4789666666', 'tonyw@mail.com', '123456', '', '', '5', 8, 12, '4', 0, 0, ''),
(14, 'Gary Wilson', '07/08/2009', 'Male', '', '', '452 Lanef Street', '7458965000', 'garyw@mail.com', '123456', '', '', '4', 5, 12, '6', 0, 0, '');

-- --------------------------------------------------------

--
-- Table structure for table `subject`
--

CREATE TABLE `subject` (
  `subject_id` int(11) NOT NULL,
  `name` longtext NOT NULL,
  `class_id` int(11) NOT NULL,
  `teacher_id` int(11) DEFAULT NULL
) ENGINE=InnoDB DEFAULT CHARSET=utf8 COLLATE=utf8_unicode_ci;

--
-- Dumping data for table `subject`
--

INSERT INTO `subject` (`subject_id`, `name`, `class_id`, `teacher_id`) VALUES
(3, 'Science', 2, 2),
(4, 'Mathematics', 2, 7),
(5, 'Science', 3, 2),
(6, 'Science', 4, 2),
(7, 'Health', 5, 8),
(8, 'Social Studies	', 5, 4),
(9, 'Science', 5, 2),
(10, 'Mathematics', 5, 7),
(11, 'Social Studies	', 5, 3);

-- --------------------------------------------------------

--
-- Table structure for table `teacher`
--

CREATE TABLE `teacher` (
  `teacher_id` int(11) NOT NULL,
  `name` longtext NOT NULL,
  `birthday` longtext NOT NULL,
  `sex` longtext NOT NULL,
  `religion` longtext NOT NULL,
  `blood_group` longtext NOT NULL,
  `address` longtext NOT NULL,
  `phone` longtext NOT NULL,
  `email` longtext NOT NULL,
  `password` longtext NOT NULL
) ENGINE=InnoDB DEFAULT CHARSET=utf8 COLLATE=utf8_unicode_ci;

--
-- Dumping data for table `teacher`
--

INSERT INTO `teacher` (`teacher_id`, `name`, `birthday`, `sex`, `religion`, `blood_group`, `address`, `phone`, `email`, `password`) VALUES
(2, 'Maria T. Alexander', '06/07/1989', 'female', '', '', '36 Terra Street', '8555554540', 'maria@mail.com', '123456'),
(3, 'Frank E. Robinson', '03/25/1982', 'male', '', '', '460 Davis Avenue', '0147965454', 'franke@mail.com', '123456'),
(4, 'Laura R. Smyth', '09/09/1982', 'female', '', '', '16 Bond Street', '3698885555', 'smyth@mail.com', '123456'),
(5, 'Pam R. Wortman', '08/11/1988', 'female', '', '', '23 Foley Street', '0369999969', 'pam@mail.com', '123456'),
(6, 'Glenn S. Ford', '09/08/1988', 'male', '', '', '693 Kembery Drive', '7850002500', 'gford@mail.com', '123456'),
(7, 'Katherine C. Jefferson', '07/05/1987', 'female', '', '', '96 Public Works Drive', '7898789870', 'katherine@mail.com', '123456'),
(8, 'John E. Papenfuss', '02/04/1990', 'Male', '', '', '190 Haymond Rocks Road', '4545550000', 'john@mail.com', '123456'),
(9, 'Kevin J. Hubbard', '08/26/1984', 'Male', '', '', '68 Arlington Avenue', '4502500010', 'kevinh@mail.com', '123456'),
(10, 'Zachary A. Shea', '04/01/1980', 'Male', '', '', '29 Davis Place', '4578540010', 'zachary@mail.com', '123456');

-- --------------------------------------------------------

--
-- Table structure for table `transport`
--

CREATE TABLE `transport` (
  `transport_id` int(11) NOT NULL,
  `route_name` longtext NOT NULL,
  `number_of_vehicle` longtext NOT NULL,
  `description` longtext NOT NULL,
  `route_fare` longtext NOT NULL
) ENGINE=MyISAM DEFAULT CHARSET=utf8 COLLATE=utf8_unicode_ci;

--
-- Dumping data for table `transport`
--

INSERT INTO `transport` (`transport_id`, `route_name`, `number_of_vehicle`, `description`, `route_fare`) VALUES
(1, 'Miami to Orlando', '27', '$27 per person', '27'),
(2, 'Orlando to Miami	', '19', '$29 per person', '29');

--
-- Indexes for dumped tables
--

--
-- Indexes for table `acd_session`
--
ALTER TABLE `acd_session`
  ADD PRIMARY KEY (`id`);

--
-- Indexes for table `admin`
--
ALTER TABLE `admin`
  ADD PRIMARY KEY (`admin_id`);

--
-- Indexes for table `attendance`
--
ALTER TABLE `attendance`
  ADD PRIMARY KEY (`attendance_id`);

--
-- Indexes for table `book`
--
ALTER TABLE `book`
  ADD PRIMARY KEY (`book_id`);

--
-- Indexes for table `ci_sessions`
--
ALTER TABLE `ci_sessions`
  ADD PRIMARY KEY (`id`),
  ADD KEY `ci_sessions_timestamp` (`timestamp`);

--
-- Indexes for table `class`
--
ALTER TABLE `class`
  ADD PRIMARY KEY (`class_id`);

--
-- Indexes for table `class_routine`
--
ALTER TABLE `class_routine`
  ADD PRIMARY KEY (`class_routine_id`);

--
-- Indexes for table `document`
--
ALTER TABLE `document`
  ADD PRIMARY KEY (`document_id`);

--
-- Indexes for table `dormitory`
--
ALTER TABLE `dormitory`
  ADD PRIMARY KEY (`dormitory_id`);

--
-- Indexes for table `exam`
--
ALTER TABLE `exam`
  ADD PRIMARY KEY (`exam_id`);

--
-- Indexes for table `expense_category`
--
ALTER TABLE `expense_category`
  ADD PRIMARY KEY (`expense_category_id`);

--
-- Indexes for table `grade`
--
ALTER TABLE `grade`
  ADD PRIMARY KEY (`grade_id`);

--
-- Indexes for table `invoice`
--
ALTER TABLE `invoice`
  ADD PRIMARY KEY (`invoice_id`);

--
-- Indexes for table `language`
--
ALTER TABLE `language`
  ADD PRIMARY KEY (`phrase_id`);

--
-- Indexes for table `mark`
--
ALTER TABLE `mark`
  ADD PRIMARY KEY (`mark_id`);

--
-- Indexes for table `message`
--
ALTER TABLE `message`
  ADD PRIMARY KEY (`message_id`);

--
-- Indexes for table `message_thread`
--
ALTER TABLE `message_thread`
  ADD PRIMARY KEY (`message_thread_id`);

--
-- Indexes for table `noticeboard`
--
ALTER TABLE `noticeboard`
  ADD PRIMARY KEY (`notice_id`);

--
-- Indexes for table `osad_acd_history`
--
ALTER TABLE `osad_acd_history`
  ADD PRIMARY KEY (`id`);

--
-- Indexes for table `osad_student`
--
ALTER TABLE `osad_student`
  ADD PRIMARY KEY (`id`),
  ADD KEY `acd_session_id` (`acd_session_id`);

--
-- Indexes for table `parent`
--
ALTER TABLE `parent`
  ADD PRIMARY KEY (`parent_id`);

--
-- Indexes for table `payment`
--
ALTER TABLE `payment`
  ADD PRIMARY KEY (`payment_id`);

--
-- Indexes for table `section`
--
ALTER TABLE `section`
  ADD PRIMARY KEY (`section_id`);

--
-- Indexes for table `settings`
--
ALTER TABLE `settings`
  ADD PRIMARY KEY (`settings_id`);

--
-- Indexes for table `student`
--
ALTER TABLE `student`
  ADD PRIMARY KEY (`student_id`);

--
-- Indexes for table `subject`
--
ALTER TABLE `subject`
  ADD PRIMARY KEY (`subject_id`);

--
-- Indexes for table `teacher`
--
ALTER TABLE `teacher`
  ADD PRIMARY KEY (`teacher_id`);

--
-- Indexes for table `transport`
--
ALTER TABLE `transport`
  ADD PRIMARY KEY (`transport_id`);

--
-- AUTO_INCREMENT for dumped tables
--

--
-- AUTO_INCREMENT for table `acd_session`
--
ALTER TABLE `acd_session`
  MODIFY `id` int(11) NOT NULL AUTO_INCREMENT, AUTO_INCREMENT=9;

--
-- AUTO_INCREMENT for table `admin`
--
ALTER TABLE `admin`
  MODIFY `admin_id` int(11) NOT NULL AUTO_INCREMENT, AUTO_INCREMENT=2;

--
-- AUTO_INCREMENT for table `attendance`
--
ALTER TABLE `attendance`
  MODIFY `attendance_id` int(11) NOT NULL AUTO_INCREMENT, AUTO_INCREMENT=37;

--
-- AUTO_INCREMENT for table `book`
--
ALTER TABLE `book`
  MODIFY `book_id` int(11) NOT NULL AUTO_INCREMENT, AUTO_INCREMENT=4;

--
-- AUTO_INCREMENT for table `class`
--
ALTER TABLE `class`
  MODIFY `class_id` int(11) NOT NULL AUTO_INCREMENT, AUTO_INCREMENT=6;

--
-- AUTO_INCREMENT for table `class_routine`
--
ALTER TABLE `class_routine`
  MODIFY `class_routine_id` int(11) NOT NULL AUTO_INCREMENT, AUTO_INCREMENT=8;

--
-- AUTO_INCREMENT for table `document`
--
ALTER TABLE `document`
  MODIFY `document_id` int(11) NOT NULL AUTO_INCREMENT;

--
-- AUTO_INCREMENT for table `dormitory`
--
ALTER TABLE `dormitory`
  MODIFY `dormitory_id` int(11) NOT NULL AUTO_INCREMENT, AUTO_INCREMENT=4;

--
-- AUTO_INCREMENT for table `exam`
--
ALTER TABLE `exam`
  MODIFY `exam_id` int(11) NOT NULL AUTO_INCREMENT, AUTO_INCREMENT=5;

--
-- AUTO_INCREMENT for table `expense_category`
--
ALTER TABLE `expense_category`
  MODIFY `expense_category_id` int(11) NOT NULL AUTO_INCREMENT, AUTO_INCREMENT=6;

--
-- AUTO_INCREMENT for table `grade`
--
ALTER TABLE `grade`
  MODIFY `grade_id` int(11) NOT NULL AUTO_INCREMENT, AUTO_INCREMENT=7;

--
-- AUTO_INCREMENT for table `invoice`
--
ALTER TABLE `invoice`
  MODIFY `invoice_id` int(11) NOT NULL AUTO_INCREMENT, AUTO_INCREMENT=7;

--
-- AUTO_INCREMENT for table `language`
--
ALTER TABLE `language`
  MODIFY `phrase_id` int(11) NOT NULL AUTO_INCREMENT, AUTO_INCREMENT=477;

--
-- AUTO_INCREMENT for table `mark`
--
ALTER TABLE `mark`
  MODIFY `mark_id` int(11) NOT NULL AUTO_INCREMENT, AUTO_INCREMENT=52;

--
-- AUTO_INCREMENT for table `message`
--
ALTER TABLE `message`
  MODIFY `message_id` int(11) NOT NULL AUTO_INCREMENT, AUTO_INCREMENT=7;

--
-- AUTO_INCREMENT for table `message_thread`
--
ALTER TABLE `message_thread`
  MODIFY `message_thread_id` int(11) NOT NULL AUTO_INCREMENT, AUTO_INCREMENT=5;

--
-- AUTO_INCREMENT for table `noticeboard`
--
ALTER TABLE `noticeboard`
  MODIFY `notice_id` int(11) NOT NULL AUTO_INCREMENT, AUTO_INCREMENT=2;

--
-- AUTO_INCREMENT for table `osad_acd_history`
--
ALTER TABLE `osad_acd_history`
  MODIFY `id` int(11) NOT NULL AUTO_INCREMENT, AUTO_INCREMENT=2;

--
-- AUTO_INCREMENT for table `osad_student`
--
ALTER TABLE `osad_student`
  MODIFY `id` int(11) NOT NULL AUTO_INCREMENT, AUTO_INCREMENT=2;

--
-- AUTO_INCREMENT for table `parent`
--
ALTER TABLE `parent`
  MODIFY `parent_id` int(11) NOT NULL AUTO_INCREMENT, AUTO_INCREMENT=13;

--
-- AUTO_INCREMENT for table `payment`
--
ALTER TABLE `payment`
  MODIFY `payment_id` int(11) NOT NULL AUTO_INCREMENT, AUTO_INCREMENT=7;

--
-- AUTO_INCREMENT for table `section`
--
ALTER TABLE `section`
  MODIFY `section_id` int(11) NOT NULL AUTO_INCREMENT, AUTO_INCREMENT=9;

--
-- AUTO_INCREMENT for table `settings`
--
ALTER TABLE `settings`
  MODIFY `settings_id` int(11) NOT NULL AUTO_INCREMENT, AUTO_INCREMENT=21;

--
-- AUTO_INCREMENT for table `student`
--
ALTER TABLE `student`
  MODIFY `student_id` int(11) NOT NULL AUTO_INCREMENT, AUTO_INCREMENT=15;

--
-- AUTO_INCREMENT for table `subject`
--
ALTER TABLE `subject`
  MODIFY `subject_id` int(11) NOT NULL AUTO_INCREMENT, AUTO_INCREMENT=12;

--
-- AUTO_INCREMENT for table `teacher`
--
ALTER TABLE `teacher`
  MODIFY `teacher_id` int(11) NOT NULL AUTO_INCREMENT, AUTO_INCREMENT=11;

--
-- AUTO_INCREMENT for table `transport`
--
ALTER TABLE `transport`
  MODIFY `transport_id` int(11) NOT NULL AUTO_INCREMENT, AUTO_INCREMENT=3;

--
-- Constraints for dumped tables
--

--
-- Constraints for table `osad_student`
--
ALTER TABLE `osad_student`
  ADD CONSTRAINT `osad_student_ibfk_1` FOREIGN KEY (`acd_session_id`) REFERENCES `acd_session` (`id`);
--
-- Database: `school_management_system`
--
CREATE DATABASE IF NOT EXISTS `school_management_system` DEFAULT CHARACTER SET utf8mb4 COLLATE utf8mb4_general_ci;
USE `school_management_system`;

-- --------------------------------------------------------

--
-- Table structure for table `assignments`
--

CREATE TABLE `assignments` (
  `id` int(11) NOT NULL,
  `title` varchar(255) NOT NULL,
  `description` text DEFAULT NULL,
  `subject_id` int(11) NOT NULL,
  `teacher_id` int(11) NOT NULL,
  `class_id` int(11) NOT NULL,
  `due_date` datetime DEFAULT NULL,
  `file_path` varchar(255) DEFAULT NULL,
  `created_at` timestamp NOT NULL DEFAULT current_timestamp()
) ENGINE=InnoDB DEFAULT CHARSET=utf8mb4 COLLATE=utf8mb4_general_ci;

-- --------------------------------------------------------

--
-- Table structure for table `attendance`
--

CREATE TABLE `attendance` (
  `id` int(11) NOT NULL,
  `student_id` int(11) NOT NULL,
  `class_id` int(11) NOT NULL,
  `subject_id` int(11) NOT NULL,
  `date` date NOT NULL,
  `status` enum('present','absent','late') NOT NULL,
  `created_at` timestamp NOT NULL DEFAULT current_timestamp()
) ENGINE=InnoDB DEFAULT CHARSET=utf8mb4 COLLATE=utf8mb4_general_ci;

--
-- Dumping data for table `attendance`
--

INSERT INTO `attendance` (`id`, `student_id`, `class_id`, `subject_id`, `date`, `status`, `created_at`) VALUES
(4, 5, 1, 2, '2025-08-20', 'present', '2025-09-25 14:19:40'),
(5, 5, 1, 2, '2025-10-04', 'late', '2025-10-03 13:16:19');

-- --------------------------------------------------------

--
-- Table structure for table `classes`
--

CREATE TABLE `classes` (
  `id` int(11) NOT NULL,
  `name` varchar(50) NOT NULL,
  `room` varchar(20) DEFAULT NULL,
  `capacity` int(11) DEFAULT NULL,
  `created_at` timestamp NOT NULL DEFAULT current_timestamp(),
  `description` text DEFAULT NULL,
  `status` varchar(10) DEFAULT 'active',
  `updated_at` timestamp NOT NULL DEFAULT current_timestamp() ON UPDATE current_timestamp()
) ENGINE=InnoDB DEFAULT CHARSET=utf8mb4 COLLATE=utf8mb4_general_ci;

--
-- Dumping data for table `classes`
--

INSERT INTO `classes` (`id`, `name`, `room`, `capacity`, `created_at`, `description`, `status`, `updated_at`) VALUES
(1, 'Grade 1A', 'Room 101', 25, '2025-09-17 21:31:55', NULL, 'active', '2025-10-06 15:13:26'),
(2, 'Grade 1B', 'Room 102', 25, '2025-09-17 21:31:55', NULL, 'active', '2025-10-06 15:13:26'),
(3, 'Grade 2A', 'Room 201', 25, '2025-09-17 21:31:55', NULL, 'active', '2025-10-06 15:13:26');

-- --------------------------------------------------------

--
-- Table structure for table `class_subjects`
--

CREATE TABLE `class_subjects` (
  `id` int(11) NOT NULL,
  `class_id` int(11) NOT NULL,
  `subject_id` int(11) NOT NULL,
  `teacher_id` int(11) DEFAULT NULL,
  `created_at` timestamp NOT NULL DEFAULT current_timestamp()
) ENGINE=InnoDB DEFAULT CHARSET=utf8mb4 COLLATE=utf8mb4_general_ci;

--
-- Dumping data for table `class_subjects`
--

INSERT INTO `class_subjects` (`id`, `class_id`, `subject_id`, `teacher_id`, `created_at`) VALUES
(4, 1, 2, 7, '2025-09-25 11:55:37'),
(6, 1, 3, 9, '2025-10-07 09:34:24'),
(7, 2, 5, 9, '2025-10-07 09:34:40');

-- --------------------------------------------------------

--
-- Table structure for table `cleaners`
--

CREATE TABLE `cleaners` (
  `id` int(11) NOT NULL,
  `user_id` int(11) NOT NULL,
  `assigned_area` varchar(100) DEFAULT NULL,
  `contact` varchar(20) DEFAULT NULL,
  `email` varchar(100) DEFAULT NULL,
  `schedule` text DEFAULT NULL,
  `created_at` timestamp NOT NULL DEFAULT current_timestamp()
) ENGINE=InnoDB DEFAULT CHARSET=utf8mb4 COLLATE=utf8mb4_general_ci;

--
-- Dumping data for table `cleaners`
--

INSERT INTO `cleaners` (`id`, `user_id`, `assigned_area`, `contact`, `email`, `schedule`, `created_at`) VALUES
(3, 37, 'Classroom Wing A', '96969', NULL, 'Full Day (8AM-5PM)', '2025-10-07 09:50:39');

-- --------------------------------------------------------

--
-- Table structure for table `cleaning_duties`
--

CREATE TABLE `cleaning_duties` (
  `id` int(11) NOT NULL,
  `cleaner_id` int(11) NOT NULL,
  `duty_area` varchar(100) NOT NULL,
  `duty_date` date NOT NULL,
  `duty_time` varchar(20) NOT NULL,
  `notes` text DEFAULT NULL,
  `assigned_by` int(11) NOT NULL,
  `assigned_at` datetime DEFAULT NULL,
  `status` enum('assigned','completed','pending') DEFAULT 'assigned',
  `completed_at` datetime DEFAULT NULL
) ENGINE=InnoDB DEFAULT CHARSET=utf8mb4 COLLATE=utf8mb4_general_ci;

-- --------------------------------------------------------

--
-- Table structure for table `cleaning_schedule`
--

CREATE TABLE `cleaning_schedule` (
  `id` int(11) NOT NULL,
  `cleaner_id` int(11) NOT NULL,
  `area` varchar(100) NOT NULL,
  `day_of_week` enum('Monday','Tuesday','Wednesday','Thursday','Friday','Saturday','Sunday') NOT NULL,
  `start_time` time NOT NULL,
  `end_time` time NOT NULL,
  `status` enum('pending','completed') DEFAULT 'pending',
  `created_at` timestamp NOT NULL DEFAULT current_timestamp()
) ENGINE=InnoDB DEFAULT CHARSET=utf8mb4 COLLATE=utf8mb4_general_ci;

-- --------------------------------------------------------

--
-- Table structure for table `courses`
--

CREATE TABLE `courses` (
  `id` int(11) NOT NULL,
  `name` varchar(100) NOT NULL,
  `code` varchar(20) NOT NULL,
  `description` text DEFAULT NULL,
  `created_at` timestamp NOT NULL DEFAULT current_timestamp()
) ENGINE=InnoDB DEFAULT CHARSET=utf8mb4 COLLATE=utf8mb4_general_ci;

-- --------------------------------------------------------

--
-- Table structure for table `drivers`
--

CREATE TABLE `drivers` (
  `id` int(11) NOT NULL,
  `user_id` int(11) DEFAULT NULL,
  `driver_name` varchar(100) NOT NULL,
  `address` text DEFAULT NULL,
  `contact` varchar(20) DEFAULT NULL,
  `email` varchar(100) DEFAULT NULL,
  `emergency_contact` varchar(20) DEFAULT NULL,
  `status` enum('active','on_leave','inactive') DEFAULT 'active',
  `hire_date` date DEFAULT NULL,
  `license_number` varchar(50) DEFAULT NULL,
  `license_expiry` date DEFAULT NULL,
  `created_at` timestamp NOT NULL DEFAULT current_timestamp()
) ENGINE=InnoDB DEFAULT CHARSET=utf8mb4 COLLATE=utf8mb4_general_ci;

--
-- Dumping data for table `drivers`
--

INSERT INTO `drivers` (`id`, `user_id`, `driver_name`, `address`, `contact`, `email`, `emergency_contact`, `status`, `hire_date`, `license_number`, `license_expiry`, `created_at`) VALUES
(1, NULL, 'John Smith', NULL, '555-1234', NULL, NULL, 'active', NULL, 'DL123456', '2025-12-31', '2025-09-17 21:31:56'),
(2, NULL, 'Maria Garcia', NULL, '555-5678', NULL, NULL, 'active', NULL, 'DL789012', '2024-06-30', '2025-09-17 21:31:56'),
(3, NULL, 'Robert Johnson', NULL, '555-9012', NULL, NULL, 'active', NULL, 'DL345678', '2025-03-15', '2025-09-17 21:31:56'),
(4, NULL, 'John', NULL, '0201952402', NULL, NULL, 'active', NULL, 'E15', '2027-01-01', '2025-09-19 16:11:00'),
(5, NULL, 'Johnn', 'POST OFFICE BOX 7', '55555333', 'myy@gmail.com', '77777777777777', 'active', '2025-09-26', 'E154', '2025-09-26', '2025-09-26 14:45:24');

-- --------------------------------------------------------

--
-- Table structure for table `fees`
--

CREATE TABLE `fees` (
  `id` int(11) NOT NULL,
  `student_id` int(11) NOT NULL,
  `amount` decimal(10,2) NOT NULL,
  `term` varchar(20) DEFAULT NULL,
  `academic_year` year(4) DEFAULT NULL,
  `due_date` date DEFAULT NULL,
  `status` enum('pending','paid','overdue') DEFAULT 'pending',
  `created_at` timestamp NOT NULL DEFAULT current_timestamp()
) ENGINE=InnoDB DEFAULT CHARSET=utf8mb4 COLLATE=utf8mb4_general_ci;

--
-- Dumping data for table `fees`
--

INSERT INTO `fees` (`id`, `student_id`, `amount`, `term`, `academic_year`, `due_date`, `status`, `created_at`) VALUES
(4, 5, 500.00, '1st Term', '2024', '2026-10-03', 'paid', '2025-10-03 13:49:21');

-- --------------------------------------------------------

--
-- Table structure for table `finance`
--

CREATE TABLE `finance` (
  `id` int(11) NOT NULL,
  `user_id` int(11) NOT NULL,
  `contact` varchar(20) DEFAULT NULL,
  `email` varchar(100) DEFAULT NULL,
  `created_at` timestamp NOT NULL DEFAULT current_timestamp()
) ENGINE=InnoDB DEFAULT CHARSET=utf8mb4 COLLATE=utf8mb4_general_ci;

-- --------------------------------------------------------

--
-- Table structure for table `grades`
--

CREATE TABLE `grades` (
  `id` int(11) NOT NULL,
  `student_id` int(11) NOT NULL,
  `subject_id` int(11) NOT NULL,
  `grade` decimal(5,2) NOT NULL,
  `term` varchar(20) DEFAULT NULL,
  `academic_year` year(4) DEFAULT NULL,
  `created_at` timestamp NOT NULL DEFAULT current_timestamp()
) ENGINE=InnoDB DEFAULT CHARSET=utf8mb4 COLLATE=utf8mb4_general_ci;

--
-- Dumping data for table `grades`
--

INSERT INTO `grades` (`id`, `student_id`, `subject_id`, `grade`, `term`, `academic_year`, `created_at`) VALUES
(6, 5, 2, 70.00, '1st Term', '2023', '2025-09-25 14:16:18'),
(7, 5, 2, 0.11, '1st Term', '2024', '2025-10-03 13:14:48');

-- --------------------------------------------------------

--
-- Table structure for table `notifications`
--

CREATE TABLE `notifications` (
  `id` int(11) NOT NULL,
  `title` varchar(255) NOT NULL,
  `message` text NOT NULL,
  `sender_id` int(11) NOT NULL,
  `recipient_type` enum('all','specific') DEFAULT 'all',
  `created_at` timestamp NOT NULL DEFAULT current_timestamp()
) ENGINE=InnoDB DEFAULT CHARSET=utf8mb4 COLLATE=utf8mb4_general_ci;

--
-- Dumping data for table `notifications`
--

INSERT INTO `notifications` (`id`, `title`, `message`, `sender_id`, `recipient_type`, `created_at`) VALUES
(12, 'System maintance', 'the be quation of the system because it under maintenance and wont be functioning properly so take note', 1, 'all', '2025-09-20 18:52:50'),
(13, 'Vac', 'tjhjekjjhkd', 1, 'all', '2025-09-29 11:27:14');

-- --------------------------------------------------------

--
-- Table structure for table `notification_recipients`
--

CREATE TABLE `notification_recipients` (
  `id` int(11) NOT NULL,
  `notification_id` int(11) NOT NULL,
  `user_id` int(11) NOT NULL,
  `is_read` tinyint(1) DEFAULT 0,
  `read_at` timestamp NULL DEFAULT NULL,
  `created_at` timestamp NOT NULL DEFAULT current_timestamp()
) ENGINE=InnoDB DEFAULT CHARSET=utf8mb4 COLLATE=utf8mb4_general_ci;

-- --------------------------------------------------------

--
-- Table structure for table `payments`
--

CREATE TABLE `payments` (
  `id` int(11) NOT NULL,
  `fee_id` int(11) NOT NULL,
  `amount_paid` decimal(10,2) NOT NULL,
  `payment_date` date DEFAULT NULL,
  `payment_method` varchar(50) DEFAULT NULL,
  `transaction_id` varchar(100) DEFAULT NULL,
  `recorded_by` int(11) DEFAULT NULL,
  `created_at` timestamp NOT NULL DEFAULT current_timestamp()
) ENGINE=InnoDB DEFAULT CHARSET=utf8mb4 COLLATE=utf8mb4_general_ci;

--
-- Dumping data for table `payments`
--

INSERT INTO `payments` (`id`, `fee_id`, `amount_paid`, `payment_date`, `payment_method`, `transaction_id`, `recorded_by`, `created_at`) VALUES
(3, 4, 500.00, '2025-09-06', 'bank_transfer', '17711', 3, '2025-10-03 13:50:50'),
(4, 4, 500.00, '2025-09-06', 'bank_transfer', '17711', 3, '2025-10-03 14:51:07');

-- --------------------------------------------------------

--
-- Table structure for table `registrar`
--

CREATE TABLE `registrar` (
  `id` int(11) NOT NULL,
  `user_id` int(11) NOT NULL,
  `contact` varchar(20) DEFAULT NULL,
  `email` varchar(100) DEFAULT NULL,
  `created_at` timestamp NOT NULL DEFAULT current_timestamp()
) ENGINE=InnoDB DEFAULT CHARSET=utf8mb4 COLLATE=utf8mb4_general_ci;

-- --------------------------------------------------------

--
-- Table structure for table `salary_payments`
--

CREATE TABLE `salary_payments` (
  `id` int(11) NOT NULL,
  `staff_id` int(11) NOT NULL,
  `amount_paid` decimal(10,2) NOT NULL,
  `payment_date` date NOT NULL,
  `month` int(11) NOT NULL,
  `year` int(11) NOT NULL,
  `payment_method` enum('cash','bank_transfer','check','online') DEFAULT 'bank_transfer',
  `transaction_id` varchar(100) DEFAULT NULL,
  `recorded_by` int(11) DEFAULT NULL,
  `created_at` timestamp NOT NULL DEFAULT current_timestamp()
) ENGINE=InnoDB DEFAULT CHARSET=utf8mb4 COLLATE=utf8mb4_general_ci;

-- --------------------------------------------------------

--
-- Table structure for table `staff_salaries`
--

CREATE TABLE `staff_salaries` (
  `id` int(11) NOT NULL,
  `staff_id` int(11) NOT NULL,
  `monthly_salary` decimal(10,2) NOT NULL,
  `created_at` timestamp NOT NULL DEFAULT current_timestamp(),
  `updated_at` timestamp NOT NULL DEFAULT current_timestamp() ON UPDATE current_timestamp()
) ENGINE=InnoDB DEFAULT CHARSET=utf8mb4 COLLATE=utf8mb4_general_ci;

--
-- Dumping data for table `staff_salaries`
--

INSERT INTO `staff_salaries` (`id`, `staff_id`, `monthly_salary`, `created_at`, `updated_at`) VALUES
(1, 1, 5000.00, '2025-10-04 12:29:20', '2025-10-04 12:29:20'),
(3, 29, 3000.00, '2025-10-04 12:29:20', '2025-10-04 12:29:20');

-- --------------------------------------------------------

--
-- Table structure for table `students`
--

CREATE TABLE `students` (
  `id` int(11) NOT NULL,
  `user_id` int(11) NOT NULL,
  `first_name` varchar(50) NOT NULL,
  `last_name` varchar(50) NOT NULL,
  `dob` date NOT NULL,
  `class_id` int(11) DEFAULT NULL,
  `address` text DEFAULT NULL,
  `contact` varchar(20) DEFAULT NULL,
  `email` varchar(100) DEFAULT NULL,
  `guardian_name` varchar(100) DEFAULT NULL,
  `guardian_contact` varchar(20) DEFAULT NULL,
  `created_at` timestamp NOT NULL DEFAULT current_timestamp()
) ENGINE=InnoDB DEFAULT CHARSET=utf8mb4 COLLATE=utf8mb4_general_ci;

--
-- Dumping data for table `students`
--

INSERT INTO `students` (`id`, `user_id`, `first_name`, `last_name`, `dob`, `class_id`, `address`, `contact`, `email`, `guardian_name`, `guardian_contact`, `created_at`) VALUES
(4, 24, 'WELAGA', 'WESEH', '2018-09-24', 3, 'POST OFFICE BOX 7', '0201952402', 'welagacornelius@gmail.com', 'peter', '0201448185', '2025-09-24 11:18:16'),
(5, 27, 'Mighty ', 'Kaba', '2000-07-14', 1, 'POST OFFICE BOX 64', '05533333333', 'maviskaba30@gmail.com', 'Kaba james ', '055555555555', '2025-09-25 10:42:44'),
(6, 35, 'student', 'name', '2021-03-07', 3, 'psot af12', '1124', 'studentname@gmail.com', 'name ', '777', '2025-10-07 09:31:20');

-- --------------------------------------------------------

--
-- Table structure for table `student_assignments`
--

CREATE TABLE `student_assignments` (
  `id` int(11) NOT NULL,
  `assignment_id` int(11) NOT NULL,
  `student_id` int(11) NOT NULL,
  `submission` text DEFAULT NULL,
  `file_path` varchar(255) DEFAULT NULL,
  `submitted_at` timestamp NOT NULL DEFAULT current_timestamp(),
  `grade` decimal(5,2) DEFAULT NULL,
  `feedback` text DEFAULT NULL
) ENGINE=InnoDB DEFAULT CHARSET=utf8mb4 COLLATE=utf8mb4_general_ci;

-- --------------------------------------------------------

--
-- Table structure for table `student_transport`
--

CREATE TABLE `student_transport` (
  `id` int(11) NOT NULL,
  `student_id` int(11) NOT NULL,
  `schedule_id` int(11) NOT NULL,
  `pickup_point` varchar(100) DEFAULT NULL,
  `dropoff_point` varchar(100) DEFAULT NULL,
  `fee_amount` decimal(10,2) DEFAULT NULL,
  `fee_status` enum('paid','pending','overdue') DEFAULT 'pending',
  `start_date` date NOT NULL,
  `end_date` date DEFAULT NULL,
  `status` enum('active','inactive','cancelled') DEFAULT 'active',
  `created_at` timestamp NOT NULL DEFAULT current_timestamp()
) ENGINE=InnoDB DEFAULT CHARSET=utf8mb4 COLLATE=utf8mb4_general_ci;

--
-- Dumping data for table `student_transport`
--

INSERT INTO `student_transport` (`id`, `student_id`, `schedule_id`, `pickup_point`, `dropoff_point`, `fee_amount`, `fee_status`, `start_date`, `end_date`, `status`, `created_at`) VALUES
(1, 5, 1, 'police station junction', 'school', 5.00, 'pending', '2025-09-26', NULL, 'active', '2025-09-26 14:49:28');

-- --------------------------------------------------------

--
-- Table structure for table `subjects`
--

CREATE TABLE `subjects` (
  `id` int(11) NOT NULL,
  `name` varchar(100) NOT NULL,
  `code` varchar(20) NOT NULL,
  `description` text DEFAULT NULL,
  `created_at` timestamp NOT NULL DEFAULT current_timestamp()
) ENGINE=InnoDB DEFAULT CHARSET=utf8mb4 COLLATE=utf8mb4_general_ci;

--
-- Dumping data for table `subjects`
--

INSERT INTO `subjects` (`id`, `name`, `code`, `description`, `created_at`) VALUES
(1, 'Mathematics', 'MATH101', 'Basic mathematics course', '2025-09-17 21:31:55'),
(2, 'English', 'ENG101', 'English language and literature', '2025-09-17 21:31:55'),
(3, 'Science', 'SCI101', 'General science course', '2025-09-17 21:31:55'),
(4, 'History', 'HIST101', 'World history', '2025-09-17 21:31:55'),
(5, 'Physics', 'PHYS101', 'Physics fundamentals', '2025-09-17 21:31:55'),
(6, 'Chemistry', 'CHEM101', 'Chemistry fundamentals', '2025-09-17 21:31:55'),
(7, 'Biology', 'BIO101', 'Biology fundamentals', '2025-09-17 21:31:55');

-- --------------------------------------------------------

--
-- Table structure for table `system_settings`
--

CREATE TABLE `system_settings` (
  `setting_key` varchar(50) NOT NULL,
  `setting_value` text DEFAULT NULL,
  `updated_at` timestamp NOT NULL DEFAULT current_timestamp() ON UPDATE current_timestamp()
) ENGINE=InnoDB DEFAULT CHARSET=utf8mb4 COLLATE=utf8mb4_general_ci;

--
-- Dumping data for table `system_settings`
--

INSERT INTO `system_settings` (`setting_key`, `setting_value`, `updated_at`) VALUES
('academic_year', '2023-2024', '2025-09-17 21:31:56'),
('current_term', '1st Term', '2025-09-17 21:31:56'),
('school_address', '123 Education Street, City, State 12345', '2025-09-17 21:31:56'),
('school_email', 'info@schoolsystem.edu', '2025-09-17 21:31:56'),
('school_name', 'Greenwood Academy', '2025-10-06 15:25:23'),
('school_phone', '(555) 123-4567', '2025-09-17 21:31:56');

-- --------------------------------------------------------

--
-- Table structure for table `teachers`
--

CREATE TABLE `teachers` (
  `id` int(11) NOT NULL,
  `user_id` int(11) NOT NULL,
  `first_name` varchar(50) NOT NULL,
  `last_name` varchar(50) NOT NULL,
  `specialization` varchar(100) DEFAULT NULL,
  `contact` varchar(20) DEFAULT NULL,
  `email` varchar(100) DEFAULT NULL,
  `created_at` timestamp NOT NULL DEFAULT current_timestamp()
) ENGINE=InnoDB DEFAULT CHARSET=utf8mb4 COLLATE=utf8mb4_general_ci;

--
-- Dumping data for table `teachers`
--

INSERT INTO `teachers` (`id`, `user_id`, `first_name`, `last_name`, `specialization`, `contact`, `email`, `created_at`) VALUES
(7, 29, 'Catherine', 'Naa', 'English Language', '055555333', 'my@gmail.com', '2025-09-25 11:55:09'),
(9, 36, 'teacher', 'name', 'ICT', '011102', 'techassistalliance@gmail.com', '2025-10-07 09:33:34');

-- --------------------------------------------------------

--
-- Table structure for table `teacher_salary_payments`
--

CREATE TABLE `teacher_salary_payments` (
  `id` int(11) NOT NULL,
  `teacher_id` int(11) NOT NULL,
  `teacher_name` varchar(100) DEFAULT NULL,
  `amount` decimal(10,2) NOT NULL,
  `payment_method` enum('cash','bank_transfer','check','online') DEFAULT 'cash',
  `transaction_id` varchar(100) DEFAULT NULL,
  `payment_month` varchar(7) NOT NULL,
  `payment_date` date NOT NULL,
  `recorded_by` int(11) DEFAULT NULL,
  `notes` text DEFAULT NULL,
  `created_at` timestamp NOT NULL DEFAULT current_timestamp(),
  `updated_at` timestamp NOT NULL DEFAULT current_timestamp() ON UPDATE current_timestamp()
) ENGINE=InnoDB DEFAULT CHARSET=utf8mb4 COLLATE=utf8mb4_general_ci;

-- --------------------------------------------------------

--
-- Table structure for table `transport`
--

CREATE TABLE `transport` (
  `id` int(11) NOT NULL,
  `driver_name` varchar(100) NOT NULL,
  `driver_phone` varchar(20) DEFAULT NULL,
  `vehicle_number` varchar(50) NOT NULL,
  `route` varchar(100) DEFAULT NULL,
  `capacity` int(11) DEFAULT NULL,
  `created_at` timestamp NOT NULL DEFAULT current_timestamp()
) ENGINE=InnoDB DEFAULT CHARSET=utf8mb4 COLLATE=utf8mb4_general_ci;

--
-- Dumping data for table `transport`
--

INSERT INTO `transport` (`id`, `driver_name`, `driver_phone`, `vehicle_number`, `route`, `capacity`, `created_at`) VALUES
(1, 'John Doe', '0244000000', 'AS-1234-22', 'Walewale - School', 40, '2025-09-18 12:23:17'),
(2, 'Mary Smith', '0245000000', 'AS-5678-23', 'Nalerigu - School', 35, '2025-09-18 12:23:17');

-- --------------------------------------------------------

--
-- Table structure for table `transport_bookings`
--

CREATE TABLE `transport_bookings` (
  `id` int(11) NOT NULL,
  `vehicle_id` int(11) NOT NULL,
  `driver_id` int(11) NOT NULL,
  `booked_by` int(11) NOT NULL,
  `purpose` varchar(255) NOT NULL,
  `booking_date` date NOT NULL,
  `start_time` time NOT NULL,
  `end_time` time NOT NULL,
  `pickup_location` varchar(100) NOT NULL,
  `destination` varchar(100) NOT NULL,
  `passenger_count` int(11) DEFAULT 1,
  `status` enum('pending','approved','rejected','completed','cancelled') DEFAULT 'pending',
  `remarks` text DEFAULT NULL,
  `created_at` timestamp NOT NULL DEFAULT current_timestamp()
) ENGINE=InnoDB DEFAULT CHARSET=utf8mb4 COLLATE=utf8mb4_general_ci;

-- --------------------------------------------------------

--
-- Table structure for table `transport_routes`
--

CREATE TABLE `transport_routes` (
  `id` int(11) NOT NULL,
  `route_name` varchar(100) NOT NULL,
  `description` text DEFAULT NULL,
  `start_point` varchar(100) NOT NULL,
  `end_point` varchar(100) NOT NULL,
  `distance_km` decimal(5,2) DEFAULT NULL,
  `estimated_time_minutes` int(11) DEFAULT NULL,
  `created_at` timestamp NOT NULL DEFAULT current_timestamp()
) ENGINE=InnoDB DEFAULT CHARSET=utf8mb4 COLLATE=utf8mb4_general_ci;

--
-- Dumping data for table `transport_routes`
--

INSERT INTO `transport_routes` (`id`, `route_name`, `description`, `start_point`, `end_point`, `distance_km`, `estimated_time_minutes`, `created_at`) VALUES
(1, 'Route A - Main Road', 'Primary route covering main residential areas', 'City Center', 'School Campus', 15.50, 45, '2025-09-26 08:28:26'),
(2, 'Route B - Eastern Suburbs', 'Eastern suburbs route', 'Eastern Terminal', 'School Campus', 12.30, 35, '2025-09-26 08:28:26'),
(3, 'Route C - Western Hills', 'Western hills and rural areas', 'West Village', 'School Campus', 20.70, 55, '2025-09-26 08:28:26');

-- --------------------------------------------------------

--
-- Table structure for table `transport_schedule`
--

CREATE TABLE `transport_schedule` (
  `id` int(11) NOT NULL,
  `vehicle_id` int(11) NOT NULL,
  `route` varchar(100) NOT NULL,
  `stop_name` varchar(100) DEFAULT NULL,
  `arrival_time` time DEFAULT NULL,
  `departure_time` time DEFAULT NULL,
  `day_of_week` enum('Monday','Tuesday','Wednesday','Thursday','Friday','Saturday','Sunday') DEFAULT NULL,
  `created_at` timestamp NOT NULL DEFAULT current_timestamp()
) ENGINE=InnoDB DEFAULT CHARSET=utf8mb4 COLLATE=utf8mb4_general_ci;

--
-- Dumping data for table `transport_schedule`
--

INSERT INTO `transport_schedule` (`id`, `vehicle_id`, `route`, `stop_name`, `arrival_time`, `departure_time`, `day_of_week`, `created_at`) VALUES
(4, 3, '1', 'Tamle', '17:00:00', '11:00:00', 'Monday', '2025-09-19 16:13:26');

-- --------------------------------------------------------

--
-- Table structure for table `transport_schedules`
--

CREATE TABLE `transport_schedules` (
  `id` int(11) NOT NULL,
  `vehicle_id` int(11) NOT NULL,
  `route_id` int(11) NOT NULL,
  `driver_id` int(11) NOT NULL,
  `schedule_type` enum('morning','evening','both') DEFAULT 'both',
  `departure_time` time NOT NULL,
  `arrival_time` time NOT NULL,
  `day_of_week` enum('Monday','Tuesday','Wednesday','Thursday','Friday','Saturday','Sunday') DEFAULT NULL,
  `recurring` tinyint(1) DEFAULT 1,
  `start_date` date NOT NULL,
  `end_date` date DEFAULT NULL,
  `status` enum('active','inactive','cancelled') DEFAULT 'active',
  `created_at` timestamp NOT NULL DEFAULT current_timestamp()
) ENGINE=InnoDB DEFAULT CHARSET=utf8mb4 COLLATE=utf8mb4_general_ci;

--
-- Dumping data for table `transport_schedules`
--

INSERT INTO `transport_schedules` (`id`, `vehicle_id`, `route_id`, `driver_id`, `schedule_type`, `departure_time`, `arrival_time`, `day_of_week`, `recurring`, `start_date`, `end_date`, `status`, `created_at`) VALUES
(1, 4, 1, 5, 'morning', '06:00:00', '08:30:00', 'Monday', 1, '2025-09-26', '2025-09-26', 'active', '2025-09-26 14:48:27');

-- --------------------------------------------------------

--
-- Table structure for table `users`
--

CREATE TABLE `users` (
  `id` int(11) NOT NULL,
  `username` varchar(50) NOT NULL,
  `password` varchar(255) NOT NULL,
  `role` enum('admin','registrar','finance','teacher','student','cleaner','transport') NOT NULL,
  `email` varchar(100) DEFAULT NULL,
  `status` tinyint(1) DEFAULT 1,
  `created_at` timestamp NOT NULL DEFAULT current_timestamp()
) ENGINE=InnoDB DEFAULT CHARSET=utf8mb4 COLLATE=utf8mb4_general_ci;

--
-- Dumping data for table `users`
--

INSERT INTO `users` (`id`, `username`, `password`, `role`, `email`, `status`, `created_at`) VALUES
(1, 'admin', '$2y$10$92IXUNpkjO0rOQ5byMi.Ye4oKoEa3Ro9llC/.og/at2.uheWG/igi', 'admin', NULL, 1, '2025-09-17 21:31:55'),
(2, 'registrar', '$2y$10$92IXUNpkjO0rOQ5byMi.Ye4oKoEa3Ro9llC/.og/at2.uheWG/igi', 'registrar', NULL, 1, '2025-09-17 21:31:55'),
(3, 'finance', '$2y$10$92IXUNpkjO0rOQ5byMi.Ye4oKoEa3Ro9llC/.og/at2.uheWG/igi', 'finance', NULL, 1, '2025-09-17 21:31:55'),
(24, 'welaga.weseh', '$2y$10$KncYctRND2ZYGlKdaemIhu9hXCbnt3Ums3VpQjthBm0eWyt7G8M6K', 'student', 'welagacornelius@gmail.com', 1, '2025-09-24 11:18:16'),
(27, 'mighty', '$2y$10$AKb9zZ7M49Wa9uG9WHDSzeolAuz5ZLycH6csXQ3AEv8OThQi7YH2q', 'student', 'maviskaba30@gmail.com', 1, '2025-09-25 10:42:44'),
(29, 'Catherine', '$2y$10$RjPZs8SGjO5oQgziMiG5ZekxlvAvTvQnKCCvBfEEOJUYDxTTFtoli', 'teacher', 'my@gmail.com', 1, '2025-09-25 11:55:09'),
(30, 'transport', '$2y$10$gsndX5VvCu2/NOVw6w7TvORsKhQgIKWhfkrmK090LxgD0xENXyebO', 'transport', NULL, 1, '2025-09-25 14:26:07'),
(35, 'student', '$2y$10$ORiVLbCjmBKUZ0Sk7miAw.rVC7H0fCkNwpAEP46YNNglW77lZRw/2', 'student', 'studentname@gmail.com', 1, '2025-10-07 09:31:20'),
(36, 'teacher', '$2y$10$ExgNHUE823hgMiCkEDPyWeQSRHyCArRctq9CC4EZ6PdHbV7g6ifu2', 'teacher', 'techassistalliance@gmail.com', 1, '2025-10-07 09:33:34'),
(37, 'cleaner', '$2y$10$seREeLuqhKdXdIHhXTKBXeOJsNJERj4NXpU2bf7SN4Mo8Qp3zec6G', 'cleaner', 'cleaner@school.edu', 1, '2025-10-07 09:50:39');

-- --------------------------------------------------------

--
-- Table structure for table `vehicles`
--

CREATE TABLE `vehicles` (
  `id` int(11) NOT NULL,
  `vehicle_number` varchar(20) NOT NULL,
  `model` varchar(50) DEFAULT NULL,
  `year` year(4) DEFAULT NULL,
  `color` varchar(30) DEFAULT NULL,
  `insurance_number` varchar(100) DEFAULT NULL,
  `insurance_expiry` date DEFAULT NULL,
  `status` enum('active','maintenance','inactive') DEFAULT 'active',
  `last_maintenance` date DEFAULT NULL,
  `next_maintenance` date DEFAULT NULL,
  `vehicle_type_id` int(11) DEFAULT NULL,
  `capacity` int(11) DEFAULT NULL,
  `driver_id` int(11) DEFAULT NULL,
  `route_id` int(11) DEFAULT NULL,
  `created_at` timestamp NOT NULL DEFAULT current_timestamp()
) ENGINE=InnoDB DEFAULT CHARSET=utf8mb4 COLLATE=utf8mb4_general_ci;

--
-- Dumping data for table `vehicles`
--

INSERT INTO `vehicles` (`id`, `vehicle_number`, `model`, `year`, `color`, `insurance_number`, `insurance_expiry`, `status`, `last_maintenance`, `next_maintenance`, `vehicle_type_id`, `capacity`, `driver_id`, `route_id`, `created_at`) VALUES
(1, 'SCH-001', 'Ford Transit', NULL, NULL, NULL, NULL, 'active', NULL, NULL, NULL, 15, 1, NULL, '2025-09-17 21:31:56'),
(2, 'SCH-002', 'Chevy Van', NULL, NULL, NULL, NULL, 'active', NULL, NULL, NULL, 12, 2, NULL, '2025-09-17 21:31:56'),
(3, 'GHA-20-25', 'GLE', NULL, NULL, NULL, NULL, 'active', NULL, NULL, NULL, 12, 4, NULL, '2025-09-19 16:12:19'),
(4, 'GHA-22-25', 'GLE', '2001', 'blue', '23445', '2025-09-26', 'active', NULL, NULL, 4, 4, 5, 1, '2025-09-26 14:46:46');

-- --------------------------------------------------------

--
-- Table structure for table `vehicle_maintenance`
--

CREATE TABLE `vehicle_maintenance` (
  `id` int(11) NOT NULL,
  `vehicle_id` int(11) NOT NULL,
  `maintenance_type` varchar(100) NOT NULL,
  `description` text DEFAULT NULL,
  `cost` decimal(10,2) DEFAULT NULL,
  `maintenance_date` date NOT NULL,
  `next_maintenance_date` date DEFAULT NULL,
  `service_provider` varchar(100) DEFAULT NULL,
  `status` enum('scheduled','in_progress','completed') DEFAULT 'scheduled',
  `created_by` int(11) DEFAULT NULL,
  `created_at` timestamp NOT NULL DEFAULT current_timestamp()
) ENGINE=InnoDB DEFAULT CHARSET=utf8mb4 COLLATE=utf8mb4_general_ci;

-- --------------------------------------------------------

--
-- Table structure for table `vehicle_types`
--

CREATE TABLE `vehicle_types` (
  `id` int(11) NOT NULL,
  `type_name` varchar(50) NOT NULL,
  `description` text DEFAULT NULL,
  `capacity` int(11) NOT NULL,
  `created_at` timestamp NOT NULL DEFAULT current_timestamp()
) ENGINE=InnoDB DEFAULT CHARSET=utf8mb4 COLLATE=utf8mb4_general_ci;

--
-- Dumping data for table `vehicle_types`
--

INSERT INTO `vehicle_types` (`id`, `type_name`, `description`, `capacity`, `created_at`) VALUES
(1, 'School Bus', 'Large capacity school bus', 40, '2025-09-26 08:28:25'),
(2, 'Minibus', 'Medium capacity minibus', 20, '2025-09-26 08:28:25'),
(3, 'Van', 'Small capacity van', 12, '2025-09-26 08:28:25'),
(4, 'Car', 'Sedan for staff transport', 4, '2025-09-26 08:28:25');

--
-- Indexes for dumped tables
--

--
-- Indexes for table `assignments`
--
ALTER TABLE `assignments`
  ADD PRIMARY KEY (`id`),
  ADD KEY `subject_id` (`subject_id`),
  ADD KEY `class_id` (`class_id`),
  ADD KEY `assignments_ibfk_2` (`teacher_id`);

--
-- Indexes for table `attendance`
--
ALTER TABLE `attendance`
  ADD PRIMARY KEY (`id`),
  ADD KEY `student_id` (`student_id`),
  ADD KEY `class_id` (`class_id`),
  ADD KEY `subject_id` (`subject_id`);

--
-- Indexes for table `classes`
--
ALTER TABLE `classes`
  ADD PRIMARY KEY (`id`);

--
-- Indexes for table `class_subjects`
--
ALTER TABLE `class_subjects`
  ADD PRIMARY KEY (`id`),
  ADD KEY `class_id` (`class_id`),
  ADD KEY `subject_id` (`subject_id`),
  ADD KEY `teacher_id` (`teacher_id`);

--
-- Indexes for table `cleaners`
--
ALTER TABLE `cleaners`
  ADD PRIMARY KEY (`id`),
  ADD KEY `user_id` (`user_id`);

--
-- Indexes for table `cleaning_duties`
--
ALTER TABLE `cleaning_duties`
  ADD PRIMARY KEY (`id`),
  ADD KEY `cleaner_id` (`cleaner_id`),
  ADD KEY `assigned_by` (`assigned_by`);

--
-- Indexes for table `cleaning_schedule`
--
ALTER TABLE `cleaning_schedule`
  ADD PRIMARY KEY (`id`),
  ADD KEY `cleaning_schedule_ibfk_1` (`cleaner_id`);

--
-- Indexes for table `courses`
--
ALTER TABLE `courses`
  ADD PRIMARY KEY (`id`),
  ADD UNIQUE KEY `code` (`code`);

--
-- Indexes for table `drivers`
--
ALTER TABLE `drivers`
  ADD PRIMARY KEY (`id`),
  ADD KEY `drivers_ibfk_2` (`user_id`);

--
-- Indexes for table `fees`
--
ALTER TABLE `fees`
  ADD PRIMARY KEY (`id`),
  ADD KEY `student_id` (`student_id`);

--
-- Indexes for table `finance`
--
ALTER TABLE `finance`
  ADD PRIMARY KEY (`id`),
  ADD KEY `user_id` (`user_id`);

--
-- Indexes for table `grades`
--
ALTER TABLE `grades`
  ADD PRIMARY KEY (`id`),
  ADD KEY `student_id` (`student_id`),
  ADD KEY `subject_id` (`subject_id`);

--
-- Indexes for table `notifications`
--
ALTER TABLE `notifications`
  ADD PRIMARY KEY (`id`),
  ADD KEY `sender_id` (`sender_id`);

--
-- Indexes for table `notification_recipients`
--
ALTER TABLE `notification_recipients`
  ADD PRIMARY KEY (`id`),
  ADD KEY `notification_id` (`notification_id`),
  ADD KEY `user_id` (`user_id`);

--
-- Indexes for table `payments`
--
ALTER TABLE `payments`
  ADD PRIMARY KEY (`id`),
  ADD KEY `recorded_by` (`recorded_by`),
  ADD KEY `payments_ibfk_1` (`fee_id`);

--
-- Indexes for table `registrar`
--
ALTER TABLE `registrar`
  ADD PRIMARY KEY (`id`),
  ADD KEY `user_id` (`user_id`);

--
-- Indexes for table `salary_payments`
--
ALTER TABLE `salary_payments`
  ADD PRIMARY KEY (`id`),
  ADD KEY `staff_id` (`staff_id`),
  ADD KEY `recorded_by` (`recorded_by`);

--
-- Indexes for table `staff_salaries`
--
ALTER TABLE `staff_salaries`
  ADD PRIMARY KEY (`id`),
  ADD KEY `staff_id` (`staff_id`);

--
-- Indexes for table `students`
--
ALTER TABLE `students`
  ADD PRIMARY KEY (`id`),
  ADD KEY `user_id` (`user_id`);

--
-- Indexes for table `student_assignments`
--
ALTER TABLE `student_assignments`
  ADD PRIMARY KEY (`id`),
  ADD KEY `assignment_id` (`assignment_id`),
  ADD KEY `student_id` (`student_id`);

--
-- Indexes for table `student_transport`
--
ALTER TABLE `student_transport`
  ADD PRIMARY KEY (`id`),
  ADD UNIQUE KEY `unique_student_schedule` (`student_id`,`schedule_id`),
  ADD KEY `student_id` (`student_id`),
  ADD KEY `schedule_id` (`schedule_id`);

--
-- Indexes for table `subjects`
--
ALTER TABLE `subjects`
  ADD PRIMARY KEY (`id`),
  ADD UNIQUE KEY `code` (`code`);

--
-- Indexes for table `system_settings`
--
ALTER TABLE `system_settings`
  ADD PRIMARY KEY (`setting_key`);

--
-- Indexes for table `teachers`
--
ALTER TABLE `teachers`
  ADD PRIMARY KEY (`id`),
  ADD KEY `user_id` (`user_id`);

--
-- Indexes for table `teacher_salary_payments`
--
ALTER TABLE `teacher_salary_payments`
  ADD PRIMARY KEY (`id`);

--
-- Indexes for table `transport`
--
ALTER TABLE `transport`
  ADD PRIMARY KEY (`id`);

--
-- Indexes for table `transport_bookings`
--
ALTER TABLE `transport_bookings`
  ADD PRIMARY KEY (`id`),
  ADD KEY `vehicle_id` (`vehicle_id`),
  ADD KEY `driver_id` (`driver_id`),
  ADD KEY `booked_by` (`booked_by`);

--
-- Indexes for table `transport_routes`
--
ALTER TABLE `transport_routes`
  ADD PRIMARY KEY (`id`);

--
-- Indexes for table `transport_schedule`
--
ALTER TABLE `transport_schedule`
  ADD PRIMARY KEY (`id`),
  ADD KEY `vehicle_id` (`vehicle_id`);

--
-- Indexes for table `transport_schedules`
--
ALTER TABLE `transport_schedules`
  ADD PRIMARY KEY (`id`),
  ADD KEY `vehicle_id` (`vehicle_id`),
  ADD KEY `route_id` (`route_id`),
  ADD KEY `driver_id` (`driver_id`);

--
-- Indexes for table `users`
--
ALTER TABLE `users`
  ADD PRIMARY KEY (`id`),
  ADD UNIQUE KEY `username` (`username`);

--
-- Indexes for table `vehicles`
--
ALTER TABLE `vehicles`
  ADD PRIMARY KEY (`id`),
  ADD UNIQUE KEY `vehicle_number` (`vehicle_number`),
  ADD KEY `vehicles_ibfk_3` (`vehicle_type_id`),
  ADD KEY `vehicles_ibfk_4` (`route_id`);

--
-- Indexes for table `vehicle_maintenance`
--
ALTER TABLE `vehicle_maintenance`
  ADD PRIMARY KEY (`id`),
  ADD KEY `vehicle_id` (`vehicle_id`);

--
-- Indexes for table `vehicle_types`
--
ALTER TABLE `vehicle_types`
  ADD PRIMARY KEY (`id`);

--
-- AUTO_INCREMENT for dumped tables
--

--
-- AUTO_INCREMENT for table `assignments`
--
ALTER TABLE `assignments`
  MODIFY `id` int(11) NOT NULL AUTO_INCREMENT, AUTO_INCREMENT=16;

--
-- AUTO_INCREMENT for table `attendance`
--
ALTER TABLE `attendance`
  MODIFY `id` int(11) NOT NULL AUTO_INCREMENT, AUTO_INCREMENT=6;

--
-- AUTO_INCREMENT for table `classes`
--
ALTER TABLE `classes`
  MODIFY `id` int(11) NOT NULL AUTO_INCREMENT, AUTO_INCREMENT=5;

--
-- AUTO_INCREMENT for table `class_subjects`
--
ALTER TABLE `class_subjects`
  MODIFY `id` int(11) NOT NULL AUTO_INCREMENT, AUTO_INCREMENT=8;

--
-- AUTO_INCREMENT for table `cleaners`
--
ALTER TABLE `cleaners`
  MODIFY `id` int(11) NOT NULL AUTO_INCREMENT, AUTO_INCREMENT=4;

--
-- AUTO_INCREMENT for table `cleaning_duties`
--
ALTER TABLE `cleaning_duties`
  MODIFY `id` int(11) NOT NULL AUTO_INCREMENT, AUTO_INCREMENT=3;

--
-- AUTO_INCREMENT for table `cleaning_schedule`
--
ALTER TABLE `cleaning_schedule`
  MODIFY `id` int(11) NOT NULL AUTO_INCREMENT, AUTO_INCREMENT=6;

--
-- AUTO_INCREMENT for table `courses`
--
ALTER TABLE `courses`
  MODIFY `id` int(11) NOT NULL AUTO_INCREMENT;

--
-- AUTO_INCREMENT for table `drivers`
--
ALTER TABLE `drivers`
  MODIFY `id` int(11) NOT NULL AUTO_INCREMENT, AUTO_INCREMENT=6;

--
-- AUTO_INCREMENT for table `fees`
--
ALTER TABLE `fees`
  MODIFY `id` int(11) NOT NULL AUTO_INCREMENT, AUTO_INCREMENT=5;

--
-- AUTO_INCREMENT for table `finance`
--
ALTER TABLE `finance`
  MODIFY `id` int(11) NOT NULL AUTO_INCREMENT;

--
-- AUTO_INCREMENT for table `grades`
--
ALTER TABLE `grades`
  MODIFY `id` int(11) NOT NULL AUTO_INCREMENT, AUTO_INCREMENT=8;

--
-- AUTO_INCREMENT for table `notifications`
--
ALTER TABLE `notifications`
  MODIFY `id` int(11) NOT NULL AUTO_INCREMENT, AUTO_INCREMENT=14;

--
-- AUTO_INCREMENT for table `notification_recipients`
--
ALTER TABLE `notification_recipients`
  MODIFY `id` int(11) NOT NULL AUTO_INCREMENT, AUTO_INCREMENT=7;

--
-- AUTO_INCREMENT for table `payments`
--
ALTER TABLE `payments`
  MODIFY `id` int(11) NOT NULL AUTO_INCREMENT, AUTO_INCREMENT=5;

--
-- AUTO_INCREMENT for table `registrar`
--
ALTER TABLE `registrar`
  MODIFY `id` int(11) NOT NULL AUTO_INCREMENT;

--
-- AUTO_INCREMENT for table `salary_payments`
--
ALTER TABLE `salary_payments`
  MODIFY `id` int(11) NOT NULL AUTO_INCREMENT;

--
-- AUTO_INCREMENT for table `staff_salaries`
--
ALTER TABLE `staff_salaries`
  MODIFY `id` int(11) NOT NULL AUTO_INCREMENT, AUTO_INCREMENT=5;

--
-- AUTO_INCREMENT for table `students`
--
ALTER TABLE `students`
  MODIFY `id` int(11) NOT NULL AUTO_INCREMENT, AUTO_INCREMENT=7;

--
-- AUTO_INCREMENT for table `student_assignments`
--
ALTER TABLE `student_assignments`
  MODIFY `id` int(11) NOT NULL AUTO_INCREMENT, AUTO_INCREMENT=17;

--
-- AUTO_INCREMENT for table `student_transport`
--
ALTER TABLE `student_transport`
  MODIFY `id` int(11) NOT NULL AUTO_INCREMENT, AUTO_INCREMENT=2;

--
-- AUTO_INCREMENT for table `subjects`
--
ALTER TABLE `subjects`
  MODIFY `id` int(11) NOT NULL AUTO_INCREMENT, AUTO_INCREMENT=8;

--
-- AUTO_INCREMENT for table `teachers`
--
ALTER TABLE `teachers`
  MODIFY `id` int(11) NOT NULL AUTO_INCREMENT, AUTO_INCREMENT=10;

--
-- AUTO_INCREMENT for table `teacher_salary_payments`
--
ALTER TABLE `teacher_salary_payments`
  MODIFY `id` int(11) NOT NULL AUTO_INCREMENT;

--
-- AUTO_INCREMENT for table `transport`
--
ALTER TABLE `transport`
  MODIFY `id` int(11) NOT NULL AUTO_INCREMENT, AUTO_INCREMENT=3;

--
-- AUTO_INCREMENT for table `transport_bookings`
--
ALTER TABLE `transport_bookings`
  MODIFY `id` int(11) NOT NULL AUTO_INCREMENT;

--
-- AUTO_INCREMENT for table `transport_routes`
--
ALTER TABLE `transport_routes`
  MODIFY `id` int(11) NOT NULL AUTO_INCREMENT, AUTO_INCREMENT=4;

--
-- AUTO_INCREMENT for table `transport_schedule`
--
ALTER TABLE `transport_schedule`
  MODIFY `id` int(11) NOT NULL AUTO_INCREMENT, AUTO_INCREMENT=5;

--
-- AUTO_INCREMENT for table `transport_schedules`
--
ALTER TABLE `transport_schedules`
  MODIFY `id` int(11) NOT NULL AUTO_INCREMENT, AUTO_INCREMENT=2;

--
-- AUTO_INCREMENT for table `users`
--
ALTER TABLE `users`
  MODIFY `id` int(11) NOT NULL AUTO_INCREMENT, AUTO_INCREMENT=38;

--
-- AUTO_INCREMENT for table `vehicles`
--
ALTER TABLE `vehicles`
  MODIFY `id` int(11) NOT NULL AUTO_INCREMENT, AUTO_INCREMENT=5;

--
-- AUTO_INCREMENT for table `vehicle_maintenance`
--
ALTER TABLE `vehicle_maintenance`
  MODIFY `id` int(11) NOT NULL AUTO_INCREMENT;

--
-- AUTO_INCREMENT for table `vehicle_types`
--
ALTER TABLE `vehicle_types`
  MODIFY `id` int(11) NOT NULL AUTO_INCREMENT, AUTO_INCREMENT=5;

--
-- Constraints for dumped tables
--

--
-- Constraints for table `assignments`
--
ALTER TABLE `assignments`
  ADD CONSTRAINT `assignments_ibfk_1` FOREIGN KEY (`subject_id`) REFERENCES `subjects` (`id`),
  ADD CONSTRAINT `assignments_ibfk_2` FOREIGN KEY (`teacher_id`) REFERENCES `teachers` (`id`) ON DELETE CASCADE,
  ADD CONSTRAINT `assignments_ibfk_3` FOREIGN KEY (`class_id`) REFERENCES `classes` (`id`);

--
-- Constraints for table `attendance`
--
ALTER TABLE `attendance`
  ADD CONSTRAINT `attendance_ibfk_1` FOREIGN KEY (`student_id`) REFERENCES `students` (`id`),
  ADD CONSTRAINT `attendance_ibfk_2` FOREIGN KEY (`class_id`) REFERENCES `classes` (`id`),
  ADD CONSTRAINT `attendance_ibfk_3` FOREIGN KEY (`subject_id`) REFERENCES `subjects` (`id`);

--
-- Constraints for table `class_subjects`
--
ALTER TABLE `class_subjects`
  ADD CONSTRAINT `class_subjects_ibfk_1` FOREIGN KEY (`class_id`) REFERENCES `classes` (`id`),
  ADD CONSTRAINT `class_subjects_ibfk_2` FOREIGN KEY (`subject_id`) REFERENCES `subjects` (`id`),
  ADD CONSTRAINT `class_subjects_ibfk_3` FOREIGN KEY (`teacher_id`) REFERENCES `teachers` (`id`);

--
-- Constraints for table `cleaners`
--
ALTER TABLE `cleaners`
  ADD CONSTRAINT `cleaners_ibfk_1` FOREIGN KEY (`user_id`) REFERENCES `users` (`id`) ON DELETE CASCADE;

--
-- Constraints for table `cleaning_duties`
--
ALTER TABLE `cleaning_duties`
  ADD CONSTRAINT `cleaning_duties_ibfk_1` FOREIGN KEY (`cleaner_id`) REFERENCES `cleaners` (`id`) ON DELETE CASCADE,
  ADD CONSTRAINT `cleaning_duties_ibfk_2` FOREIGN KEY (`assigned_by`) REFERENCES `users` (`id`);

--
-- Constraints for table `cleaning_schedule`
--
ALTER TABLE `cleaning_schedule`
  ADD CONSTRAINT `cleaning_schedule_ibfk_1` FOREIGN KEY (`cleaner_id`) REFERENCES `cleaners` (`id`) ON DELETE CASCADE;

--
-- Constraints for table `drivers`
--
ALTER TABLE `drivers`
  ADD CONSTRAINT `drivers_ibfk_2` FOREIGN KEY (`user_id`) REFERENCES `users` (`id`);

--
-- Constraints for table `fees`
--
ALTER TABLE `fees`
  ADD CONSTRAINT `fees_ibfk_1` FOREIGN KEY (`student_id`) REFERENCES `students` (`id`);

--
-- Constraints for table `finance`
--
ALTER TABLE `finance`
  ADD CONSTRAINT `finance_ibfk_1` FOREIGN KEY (`user_id`) REFERENCES `users` (`id`) ON DELETE CASCADE;

--
-- Constraints for table `grades`
--
ALTER TABLE `grades`
  ADD CONSTRAINT `grades_ibfk_1` FOREIGN KEY (`student_id`) REFERENCES `students` (`id`),
  ADD CONSTRAINT `grades_ibfk_2` FOREIGN KEY (`subject_id`) REFERENCES `subjects` (`id`);

--
-- Constraints for table `notifications`
--
ALTER TABLE `notifications`
  ADD CONSTRAINT `notifications_ibfk_1` FOREIGN KEY (`sender_id`) REFERENCES `users` (`id`);

--
-- Constraints for table `notification_recipients`
--
ALTER TABLE `notification_recipients`
  ADD CONSTRAINT `notification_recipients_ibfk_1` FOREIGN KEY (`notification_id`) REFERENCES `notifications` (`id`),
  ADD CONSTRAINT `notification_recipients_ibfk_2` FOREIGN KEY (`user_id`) REFERENCES `users` (`id`);

--
-- Constraints for table `payments`
--
ALTER TABLE `payments`
  ADD CONSTRAINT `payments_ibfk_1` FOREIGN KEY (`fee_id`) REFERENCES `fees` (`id`) ON DELETE CASCADE,
  ADD CONSTRAINT `payments_ibfk_2` FOREIGN KEY (`recorded_by`) REFERENCES `users` (`id`);

--
-- Constraints for table `registrar`
--
ALTER TABLE `registrar`
  ADD CONSTRAINT `registrar_ibfk_1` FOREIGN KEY (`user_id`) REFERENCES `users` (`id`) ON DELETE CASCADE;

--
-- Constraints for table `salary_payments`
--
ALTER TABLE `salary_payments`
  ADD CONSTRAINT `salary_payments_ibfk_1` FOREIGN KEY (`staff_id`) REFERENCES `users` (`id`) ON DELETE CASCADE,
  ADD CONSTRAINT `salary_payments_ibfk_2` FOREIGN KEY (`recorded_by`) REFERENCES `users` (`id`) ON DELETE SET NULL;

--
-- Constraints for table `staff_salaries`
--
ALTER TABLE `staff_salaries`
  ADD CONSTRAINT `staff_salaries_ibfk_1` FOREIGN KEY (`staff_id`) REFERENCES `users` (`id`) ON DELETE CASCADE;

--
-- Constraints for table `students`
--
ALTER TABLE `students`
  ADD CONSTRAINT `students_ibfk_1` FOREIGN KEY (`user_id`) REFERENCES `users` (`id`) ON DELETE CASCADE;

--
-- Constraints for table `student_assignments`
--
ALTER TABLE `student_assignments`
  ADD CONSTRAINT `student_assignments_ibfk_1` FOREIGN KEY (`assignment_id`) REFERENCES `assignments` (`id`),
  ADD CONSTRAINT `student_assignments_ibfk_2` FOREIGN KEY (`student_id`) REFERENCES `students` (`id`);

--
-- Constraints for table `student_transport`
--
ALTER TABLE `student_transport`
  ADD CONSTRAINT `student_transport_ibfk_1` FOREIGN KEY (`student_id`) REFERENCES `students` (`id`),
  ADD CONSTRAINT `student_transport_ibfk_2` FOREIGN KEY (`schedule_id`) REFERENCES `transport_schedules` (`id`);

--
-- Constraints for table `teachers`
--
ALTER TABLE `teachers`
  ADD CONSTRAINT `teachers_ibfk_1` FOREIGN KEY (`user_id`) REFERENCES `users` (`id`) ON DELETE CASCADE;

--
-- Constraints for table `transport_bookings`
--
ALTER TABLE `transport_bookings`
  ADD CONSTRAINT `transport_bookings_ibfk_1` FOREIGN KEY (`vehicle_id`) REFERENCES `vehicles` (`id`),
  ADD CONSTRAINT `transport_bookings_ibfk_2` FOREIGN KEY (`driver_id`) REFERENCES `drivers` (`id`),
  ADD CONSTRAINT `transport_bookings_ibfk_3` FOREIGN KEY (`booked_by`) REFERENCES `users` (`id`);

--
-- Constraints for table `transport_schedule`
--
ALTER TABLE `transport_schedule`
  ADD CONSTRAINT `transport_schedule_ibfk_1` FOREIGN KEY (`vehicle_id`) REFERENCES `vehicles` (`id`);

--
-- Constraints for table `transport_schedules`
--
ALTER TABLE `transport_schedules`
  ADD CONSTRAINT `transport_schedules_ibfk_1` FOREIGN KEY (`vehicle_id`) REFERENCES `vehicles` (`id`),
  ADD CONSTRAINT `transport_schedules_ibfk_2` FOREIGN KEY (`route_id`) REFERENCES `transport_routes` (`id`),
  ADD CONSTRAINT `transport_schedules_ibfk_3` FOREIGN KEY (`driver_id`) REFERENCES `drivers` (`id`);

--
-- Constraints for table `vehicles`
--
ALTER TABLE `vehicles`
  ADD CONSTRAINT `vehicles_ibfk_3` FOREIGN KEY (`vehicle_type_id`) REFERENCES `vehicle_types` (`id`),
  ADD CONSTRAINT `vehicles_ibfk_4` FOREIGN KEY (`route_id`) REFERENCES `transport_routes` (`id`);

--
-- Constraints for table `vehicle_maintenance`
--
ALTER TABLE `vehicle_maintenance`
  ADD CONSTRAINT `vehicle_maintenance_ibfk_1` FOREIGN KEY (`vehicle_id`) REFERENCES `vehicles` (`id`);
--
-- Database: `sms_db`
--
CREATE DATABASE IF NOT EXISTS `sms_db` DEFAULT CHARACTER SET utf8mb4 COLLATE utf8mb4_general_ci;
USE `sms_db`;

-- --------------------------------------------------------

--
-- Table structure for table `admin`
--

CREATE TABLE `admin` (
  `admin_id` int(11) NOT NULL,
  `username` varchar(127) NOT NULL,
  `password` varchar(255) NOT NULL,
  `fname` varchar(127) NOT NULL,
  `lname` varchar(127) NOT NULL
) ENGINE=InnoDB DEFAULT CHARSET=utf8mb4 COLLATE=utf8mb4_general_ci;

--
-- Dumping data for table `admin`
--

INSERT INTO `admin` (`admin_id`, `username`, `password`, `fname`, `lname`) VALUES
(1, 'elias', '$2y$10$H7obJEdmLzqqcPy7wQWhsOLUvrgzC8f1Y1or2Gxaza5z1PT0tvLy6', 'Elias', 'Abdurrahman');

-- --------------------------------------------------------

--
-- Table structure for table `class`
--

CREATE TABLE `class` (
  `class_id` int(11) NOT NULL,
  `grade` int(11) NOT NULL,
  `section` int(11) NOT NULL
) ENGINE=InnoDB DEFAULT CHARSET=utf8mb4 COLLATE=utf8mb4_general_ci;

--
-- Dumping data for table `class`
--

INSERT INTO `class` (`class_id`, `grade`, `section`) VALUES
(1, 7, 2),
(2, 1, 1),
(3, 3, 3),
(4, 2, 1);

-- --------------------------------------------------------

--
-- Table structure for table `grades`
--

CREATE TABLE `grades` (
  `grade_id` int(11) NOT NULL,
  `grade` varchar(31) NOT NULL,
  `grade_code` varchar(7) NOT NULL
) ENGINE=InnoDB DEFAULT CHARSET=utf8mb4 COLLATE=utf8mb4_general_ci;

--
-- Dumping data for table `grades`
--

INSERT INTO `grades` (`grade_id`, `grade`, `grade_code`) VALUES
(1, '1', 'G'),
(2, '2', 'G'),
(3, '1', 'KG'),
(4, '2', 'KG'),
(7, '3', 'G');

-- --------------------------------------------------------

--
-- Table structure for table `message`
--

CREATE TABLE `message` (
  `message_id` int(11) NOT NULL,
  `sender_full_name` varchar(100) NOT NULL,
  `sender_email` varchar(255) NOT NULL,
  `message` text NOT NULL,
  `date_time` datetime NOT NULL DEFAULT current_timestamp()
) ENGINE=InnoDB DEFAULT CHARSET=utf8mb4 COLLATE=utf8mb4_general_ci;

--
-- Dumping data for table `message`
--

INSERT INTO `message` (`message_id`, `sender_full_name`, `sender_email`, `message`, `date_time`) VALUES
(1, 'John doe', 'es@gmail.com', 'Hello, world', '2023-02-17 23:39:15'),
(2, 'John doe', 'es@gmail.com', 'Hi', '2023-02-17 23:49:19'),
(3, 'John doe', 'es@gmail.com', 'Hey, ', '2023-02-17 23:49:36');

-- --------------------------------------------------------

--
-- Table structure for table `registrar_office`
--

CREATE TABLE `registrar_office` (
  `r_user_id` int(11) NOT NULL,
  `username` varchar(127) NOT NULL,
  `password` varchar(255) NOT NULL,
  `fname` varchar(31) NOT NULL,
  `lname` varchar(31) NOT NULL,
  `address` varchar(31) NOT NULL,
  `employee_number` int(11) NOT NULL,
  `date_of_birth` date NOT NULL,
  `phone_number` varchar(31) NOT NULL,
  `qualification` varchar(31) NOT NULL,
  `gender` varchar(7) NOT NULL,
  `email_address` varchar(255) NOT NULL,
  `date_of_joined` datetime NOT NULL DEFAULT current_timestamp()
) ENGINE=InnoDB DEFAULT CHARSET=utf8mb4 COLLATE=utf8mb4_general_ci;

--
-- Dumping data for table `registrar_office`
--

INSERT INTO `registrar_office` (`r_user_id`, `username`, `password`, `fname`, `lname`, `address`, `employee_number`, `date_of_birth`, `phone_number`, `qualification`, `gender`, `email_address`, `date_of_joined`) VALUES
(1, 'james', '$2y$10$t0SCfeXNcyiO9hdzNTKKB.j2xlE2yt8Hm2.0AWJR5kSE469JIkHKG', 'James', 'William', 'West Virginia', 843583, '2022-10-04', '+12328324092', 'diploma', 'Male', 'james@j.com', '2022-10-23 01:03:25'),
(2, 'oliver2', '$2y$10$7XhzOu.3OgHPFv7hKjvfUu3waU.8j6xTASj4yIWMfo...k/p8yvvS', 'Oliver2', 'Noah', 'California,  Los angeles', 6546, '1999-06-11', '09457396789', 'BSc, BA', 'Male', 'ov@ab.com', '2022-11-12 23:06:18');

-- --------------------------------------------------------

--
-- Table structure for table `section`
--

CREATE TABLE `section` (
  `section_id` int(11) NOT NULL,
  `section` varchar(7) NOT NULL
) ENGINE=InnoDB DEFAULT CHARSET=utf8mb4 COLLATE=utf8mb4_general_ci;

--
-- Dumping data for table `section`
--

INSERT INTO `section` (`section_id`, `section`) VALUES
(1, 'A'),
(2, 'B'),
(3, 'C'),
(6, 'D');

-- --------------------------------------------------------

--
-- Table structure for table `setting`
--

CREATE TABLE `setting` (
  `id` int(11) NOT NULL,
  `current_year` int(11) NOT NULL,
  `current_semester` varchar(11) NOT NULL,
  `school_name` varchar(100) NOT NULL,
  `slogan` varchar(300) NOT NULL,
  `about` text NOT NULL
) ENGINE=InnoDB DEFAULT CHARSET=utf8mb4 COLLATE=utf8mb4_general_ci;

--
-- Dumping data for table `setting`
--

INSERT INTO `setting` (`id`, `current_year`, `current_semester`, `school_name`, `slogan`, `about`) VALUES
(1, 2023, 'II', 'Y School', 'Lux et Veritas Light and Truth', 'This is a wider card with supporting text below as a natural lead-in to additional content. This content is a little bit longer.');

-- --------------------------------------------------------

--
-- Table structure for table `students`
--

CREATE TABLE `students` (
  `student_id` int(11) NOT NULL,
  `username` varchar(127) NOT NULL,
  `password` varchar(255) NOT NULL,
  `fname` varchar(127) NOT NULL,
  `lname` varchar(255) NOT NULL,
  `grade` int(11) NOT NULL,
  `section` int(11) NOT NULL,
  `address` varchar(31) NOT NULL,
  `gender` varchar(7) NOT NULL,
  `email_address` varchar(255) NOT NULL,
  `date_of_birth` date NOT NULL,
  `date_of_joined` timestamp NULL DEFAULT current_timestamp(),
  `parent_fname` varchar(127) NOT NULL,
  `parent_lname` varchar(127) NOT NULL,
  `parent_phone_number` varchar(31) NOT NULL
) ENGINE=InnoDB DEFAULT CHARSET=utf8mb4 COLLATE=utf8mb4_general_ci;

--
-- Dumping data for table `students`
--

INSERT INTO `students` (`student_id`, `username`, `password`, `fname`, `lname`, `grade`, `section`, `address`, `gender`, `email_address`, `date_of_birth`, `date_of_joined`, `parent_fname`, `parent_lname`, `parent_phone_number`) VALUES
(1, 'john', '$2y$10$xmtROY8efWeORYiuQDE3SO.eZwscao20QNuLky1Qlr88zDzNNq4gm', 'John', 'Doe', 1, 1, 'California,  Los angeles', 'Male', 'abas55@ab.com', '2012-09-12', '2019-12-11 14:16:44', 'Doe', 'Mark', '09393'),
(3, 'abas', '$2y$10$KLFheMWgpLfoiqMuW2LQxOPficlBiSIJ9.wE2qr5yJUbAQ.5VURoO', 'Abas', 'A.', 2, 1, 'Berlin', 'Male', 'abas@ab.com', '2002-12-03', '2021-12-01 14:16:51', 'dsf', 'dfds', '7979'),
(4, 'jo', '$2y$10$pYyVlWg9jxkT0u/4LrCMS.ztMaOvgyol1hgNt.jqcFEqUC7yZLIYe', 'John3', 'Doe', 1, 1, 'California,  Los angeles', 'Female', 'jo@jo.com', '2013-06-13', '2022-09-10 13:48:49', 'Doe', 'Mark', '074932040'),
(5, 'jo2', '$2y$10$lRQ58lbak05rW7.be8ok4OaWJcb9znRp9ra.qXqnQku.iDrA9N8vy', 'Jhon', 'Doe', 1, 1, 'UK', 'Male', 'jo@jo.com', '1990-02-15', '2023-02-12 18:11:26', 'Doe', 'Do', '0943568654'),
(6, 'KING', '$2y$10$11U8F96lcWmt3z0iU/6lBuPcGhoyXoqzagKVlw9tjvr.L94.5DFOS', 'WELAGA', 'WESEH', 1, 1, 'POST OFFICE BOX 7', 'Male', 'welagacornelius@gmail.com', '2003-07-07', '2025-09-16 20:40:45', 'WELAGA', 'WESEH', '0201952402');

-- --------------------------------------------------------

--
-- Table structure for table `student_score`
--

CREATE TABLE `student_score` (
  `id` int(11) NOT NULL,
  `semester` varchar(100) NOT NULL,
  `year` int(11) NOT NULL,
  `student_id` int(11) NOT NULL,
  `teacher_id` int(11) NOT NULL,
  `subject_id` int(11) NOT NULL,
  `results` varchar(512) NOT NULL
) ENGINE=InnoDB DEFAULT CHARSET=utf8mb4 COLLATE=utf8mb4_general_ci;

--
-- Dumping data for table `student_score`
--

INSERT INTO `student_score` (`id`, `semester`, `year`, `student_id`, `teacher_id`, `subject_id`, `results`) VALUES
(1, 'II', 2021, 1, 1, 1, '10 15,15 20,10 10,10 20,30 35'),
(2, 'II', 2023, 1, 1, 4, '15 20,4 5'),
(3, 'I', 2022, 1, 1, 5, '10 20,50 50');

-- --------------------------------------------------------

--
-- Table structure for table `subjects`
--

CREATE TABLE `subjects` (
  `subject_id` int(11) NOT NULL,
  `subject` varchar(31) NOT NULL,
  `subject_code` varchar(31) NOT NULL,
  `grade` int(11) NOT NULL
) ENGINE=InnoDB DEFAULT CHARSET=utf8mb4 COLLATE=utf8mb4_general_ci;

--
-- Dumping data for table `subjects`
--

INSERT INTO `subjects` (`subject_id`, `subject`, `subject_code`, `grade`) VALUES
(1, 'English', 'En', 1),
(2, 'Physics', 'Phy', 2),
(3, 'Biology', 'Bio-01', 1),
(4, 'Math', 'Math-01', 1),
(5, 'Chemistry', 'ch-01', 1),
(6, 'Programming', 'pro-01', 1),
(7, 'Java', 'java-01', 1);

-- --------------------------------------------------------

--
-- Table structure for table `teachers`
--

CREATE TABLE `teachers` (
  `teacher_id` int(11) NOT NULL,
  `username` varchar(127) NOT NULL,
  `password` varchar(255) NOT NULL,
  `class` varchar(31) NOT NULL,
  `fname` varchar(127) NOT NULL,
  `lname` varchar(127) NOT NULL,
  `subjects` varchar(31) NOT NULL,
  `address` varchar(31) NOT NULL,
  `employee_number` int(11) NOT NULL,
  `date_of_birth` date DEFAULT NULL,
  `phone_number` varchar(31) NOT NULL,
  `qualification` varchar(127) NOT NULL,
  `gender` varchar(7) NOT NULL,
  `email_address` varchar(255) NOT NULL,
  `date_of_joined` datetime NOT NULL DEFAULT current_timestamp()
) ENGINE=InnoDB DEFAULT CHARSET=utf8mb4 COLLATE=utf8mb4_general_ci;

--
-- Dumping data for table `teachers`
--

INSERT INTO `teachers` (`teacher_id`, `username`, `password`, `class`, `fname`, `lname`, `subjects`, `address`, `employee_number`, `date_of_birth`, `phone_number`, `qualification`, `gender`, `email_address`, `date_of_joined`) VALUES
(1, 'oliver', '$2y$10$JruTW/rNZ6CVO4nxYWCrn.GJpiIKMACEPYrK00S7Dk/fkbJIdYau2', '1234', 'Oliver', 'Noah', '1245', 'California,  Los angeles', 6546, '2022-09-12', '0945739', 'BSc', 'Male', 'ol@ab.com', '2022-09-09 05:23:45'),
(5, 'abas', '$2y$10$cMSKcHEJcg3K6wbVcxcXGuksgU39i70aEQVKN7ZHrzqTH9oAc3y5m', '123', 'Abas', 'A.', '12', 'Berlin', 1929, '2003-09-16', '09457396789', 'BSc,', 'Male', 'abas55@ab.com', '2022-09-09 06:42:31'),
(8, 'WELAGA', '$2y$10$/ENuxoMnqP18ihN3YpSvmu1EZ5iAdenL0WvffqCm8qu5.irO1IWkS', '12', 'WELAGA', 'WESEH', '127', 'POST OFFICE BOX 7', 1213, '2013-05-01', '0201952402', 'Degree in Computer Science', 'Male', 'welagacornelius@gmail.com', '2025-09-16 20:29:13');

--
-- Indexes for dumped tables
--

--
-- Indexes for table `admin`
--
ALTER TABLE `admin`
  ADD PRIMARY KEY (`admin_id`),
  ADD UNIQUE KEY `username` (`username`);

--
-- Indexes for table `class`
--
ALTER TABLE `class`
  ADD PRIMARY KEY (`class_id`);

--
-- Indexes for table `grades`
--
ALTER TABLE `grades`
  ADD PRIMARY KEY (`grade_id`);

--
-- Indexes for table `message`
--
ALTER TABLE `message`
  ADD PRIMARY KEY (`message_id`);

--
-- Indexes for table `registrar_office`
--
ALTER TABLE `registrar_office`
  ADD PRIMARY KEY (`r_user_id`);

--
-- Indexes for table `section`
--
ALTER TABLE `section`
  ADD PRIMARY KEY (`section_id`);

--
-- Indexes for table `setting`
--
ALTER TABLE `setting`
  ADD PRIMARY KEY (`id`);

--
-- Indexes for table `students`
--
ALTER TABLE `students`
  ADD PRIMARY KEY (`student_id`),
  ADD UNIQUE KEY `username` (`username`);

--
-- Indexes for table `student_score`
--
ALTER TABLE `student_score`
  ADD PRIMARY KEY (`id`);

--
-- Indexes for table `subjects`
--
ALTER TABLE `subjects`
  ADD PRIMARY KEY (`subject_id`);

--
-- Indexes for table `teachers`
--
ALTER TABLE `teachers`
  ADD PRIMARY KEY (`teacher_id`),
  ADD UNIQUE KEY `username` (`username`);

--
-- AUTO_INCREMENT for dumped tables
--

--
-- AUTO_INCREMENT for table `admin`
--
ALTER TABLE `admin`
  MODIFY `admin_id` int(11) NOT NULL AUTO_INCREMENT, AUTO_INCREMENT=2;

--
-- AUTO_INCREMENT for table `class`
--
ALTER TABLE `class`
  MODIFY `class_id` int(11) NOT NULL AUTO_INCREMENT, AUTO_INCREMENT=7;

--
-- AUTO_INCREMENT for table `grades`
--
ALTER TABLE `grades`
  MODIFY `grade_id` int(11) NOT NULL AUTO_INCREMENT, AUTO_INCREMENT=8;

--
-- AUTO_INCREMENT for table `message`
--
ALTER TABLE `message`
  MODIFY `message_id` int(11) NOT NULL AUTO_INCREMENT, AUTO_INCREMENT=4;

--
-- AUTO_INCREMENT for table `registrar_office`
--
ALTER TABLE `registrar_office`
  MODIFY `r_user_id` int(11) NOT NULL AUTO_INCREMENT, AUTO_INCREMENT=4;

--
-- AUTO_INCREMENT for table `section`
--
ALTER TABLE `section`
  MODIFY `section_id` int(11) NOT NULL AUTO_INCREMENT, AUTO_INCREMENT=7;

--
-- AUTO_INCREMENT for table `setting`
--
ALTER TABLE `setting`
  MODIFY `id` int(11) NOT NULL AUTO_INCREMENT, AUTO_INCREMENT=2;

--
-- AUTO_INCREMENT for table `students`
--
ALTER TABLE `students`
  MODIFY `student_id` int(11) NOT NULL AUTO_INCREMENT, AUTO_INCREMENT=7;

--
-- AUTO_INCREMENT for table `student_score`
--
ALTER TABLE `student_score`
  MODIFY `id` int(11) NOT NULL AUTO_INCREMENT, AUTO_INCREMENT=4;

--
-- AUTO_INCREMENT for table `subjects`
--
ALTER TABLE `subjects`
  MODIFY `subject_id` int(11) NOT NULL AUTO_INCREMENT, AUTO_INCREMENT=8;

--
-- AUTO_INCREMENT for table `teachers`
--
ALTER TABLE `teachers`
  MODIFY `teacher_id` int(11) NOT NULL AUTO_INCREMENT, AUTO_INCREMENT=9;
--
-- Database: `university_db`
--
CREATE DATABASE IF NOT EXISTS `university_db` DEFAULT CHARACTER SET utf8mb4 COLLATE utf8mb4_general_ci;
USE `university_db`;

-- --------------------------------------------------------

--
-- Table structure for table `admin`
--

CREATE TABLE `admin` (
  `id` int(11) NOT NULL,
  `username` varchar(50) NOT NULL,
  `password` varchar(255) NOT NULL,
  `created_at` timestamp NOT NULL DEFAULT current_timestamp()
) ENGINE=InnoDB DEFAULT CHARSET=utf8mb4 COLLATE=utf8mb4_general_ci;

--
-- Dumping data for table `admin`
--

INSERT INTO `admin` (`id`, `username`, `password`, `created_at`) VALUES
(1, 'admin', '$2y$10$w9nYmGxR9R2DmHD8Jj1Nqum1b3fZlK9M1Zg7n3mB3g1v8mJxw2wVO', '2025-09-03 17:57:45');

-- --------------------------------------------------------

--
-- Table structure for table `admins`
--

CREATE TABLE `admins` (
  `id` int(11) NOT NULL,
  `username` varchar(50) NOT NULL,
  `password` varchar(255) NOT NULL,
  `created_at` timestamp NOT NULL DEFAULT current_timestamp()
) ENGINE=InnoDB DEFAULT CHARSET=utf8mb4 COLLATE=utf8mb4_general_ci;

-- --------------------------------------------------------

--
-- Table structure for table `announcements`
--

CREATE TABLE `announcements` (
  `id` int(11) NOT NULL,
  `title` varchar(160) NOT NULL,
  `body` text NOT NULL,
  `audience` enum('all','students') NOT NULL DEFAULT 'all',
  `created_at` timestamp NOT NULL DEFAULT current_timestamp()
) ENGINE=InnoDB DEFAULT CHARSET=utf8mb4 COLLATE=utf8mb4_general_ci;

--
-- Dumping data for table `announcements`
--

INSERT INTO `announcements` (`id`, `title`, `body`, `audience`, `created_at`) VALUES
(1, 'Welcome to the new semester', 'Classes begin on the first Monday of next month.', 'all', '2025-09-02 17:01:33'),
(2, 'Exam Registration', 'Students must register for exams by the deadline.', 'students', '2025-09-02 17:01:33');

-- --------------------------------------------------------

--
-- Table structure for table `contact_messages`
--

CREATE TABLE `contact_messages` (
  `id` int(11) NOT NULL,
  `name` varchar(120) NOT NULL,
  `email` varchar(120) NOT NULL,
  `subject` varchar(160) NOT NULL,
  `message` text NOT NULL,
  `created_at` timestamp NOT NULL DEFAULT current_timestamp()
) ENGINE=InnoDB DEFAULT CHARSET=utf8mb4 COLLATE=utf8mb4_general_ci;

-- --------------------------------------------------------

--
-- Table structure for table `events`
--

CREATE TABLE `events` (
  `id` int(11) NOT NULL,
  `title` varchar(160) NOT NULL,
  `details` text NOT NULL,
  `event_date` date NOT NULL,
  `created_at` timestamp NOT NULL DEFAULT current_timestamp()
) ENGINE=InnoDB DEFAULT CHARSET=utf8mb4 COLLATE=utf8mb4_general_ci;

--
-- Dumping data for table `events`
--

INSERT INTO `events` (`id`, `title`, `details`, `event_date`, `created_at`) VALUES
(1, 'Open Day', 'Meet faculty, tour facilities, and learn about programs.', '2025-09-16', '2025-09-02 17:01:32'),
(2, 'Hackathon', '24-hour student hackathon with prizes.', '2025-10-02', '2025-09-02 17:01:32'),
(3, 'Open Day', 'Meet faculty, tour facilities, and learn about programs.', '2025-09-16', '2025-09-02 17:01:32'),
(4, 'Hackathon', '24-hour student hackathon with prizes.', '2025-10-02', '2025-09-02 17:01:32');

-- --------------------------------------------------------

--
-- Table structure for table `news`
--

CREATE TABLE `news` (
  `id` int(11) NOT NULL,
  `title` varchar(160) NOT NULL,
  `body` text NOT NULL,
  `created_at` timestamp NOT NULL DEFAULT current_timestamp()
) ENGINE=InnoDB DEFAULT CHARSET=utf8mb4 COLLATE=utf8mb4_general_ci;

--
-- Dumping data for table `news`
--

INSERT INTO `news` (`id`, `title`, `body`, `created_at`) VALUES
(1, 'New Research Lab Opens', 'Our state-of-the-art AI and Robotics lab is now open to students.', '2025-09-02 17:01:32'),
(2, 'Scholarship Opportunities', 'Merit-based scholarships are available for top-performing applicants.', '2025-09-02 17:01:32'),
(3, 'New Research Lab Opens', 'Our state-of-the-art AI and Robotics lab is now open to students.', '2025-09-02 17:01:32'),
(4, 'Scholarship Opportunities', 'Merit-based scholarships are available for top-performing applicants.', '2025-09-02 17:01:32');

-- --------------------------------------------------------

--
-- Table structure for table `programs`
--

CREATE TABLE `programs` (
  `id` int(11) NOT NULL,
  `faculty` varchar(100) NOT NULL,
  `department` varchar(100) NOT NULL,
  `name` varchar(150) NOT NULL,
  `duration` varchar(50) DEFAULT NULL,
  `description` text DEFAULT NULL
) ENGINE=InnoDB DEFAULT CHARSET=utf8mb4 COLLATE=utf8mb4_general_ci;

--
-- Dumping data for table `programs`
--

INSERT INTO `programs` (`id`, `faculty`, `department`, `name`, `duration`, `description`) VALUES
(1, 'Engineering', 'Computer Science', 'BSc Computer Science', '4 years', 'Learn programming, algorithms, AI, and systems.'),
(2, 'Science', 'Biological Sciences', 'BSc Biology', '4 years', 'Covers genetics, ecology, and microbiology.'),
(3, 'Arts', 'Languages', 'BA English', '4 years', 'Focus on English literature, linguistics, and communication.');

-- --------------------------------------------------------

--
-- Table structure for table `publications`
--

CREATE TABLE `publications` (
  `id` int(11) NOT NULL,
  `title` varchar(255) NOT NULL,
  `author` varchar(255) NOT NULL,
  `year` year(4) NOT NULL,
  `file_path` varchar(255) NOT NULL,
  `uploaded_at` timestamp NOT NULL DEFAULT current_timestamp()
) ENGINE=InnoDB DEFAULT CHARSET=utf8mb4 COLLATE=utf8mb4_general_ci;

-- --------------------------------------------------------

--
-- Table structure for table `results`
--

CREATE TABLE `results` (
  `id` int(11) NOT NULL,
  `student_id` int(11) NOT NULL,
  `course_code` varchar(20) NOT NULL,
  `course_title` varchar(160) NOT NULL,
  `grade` varchar(4) NOT NULL,
  `semester` varchar(20) NOT NULL,
  `academic_year` varchar(20) NOT NULL,
  `created_at` timestamp NOT NULL DEFAULT current_timestamp()
) ENGINE=InnoDB DEFAULT CHARSET=utf8mb4 COLLATE=utf8mb4_general_ci;

--
-- Dumping data for table `results`
--

INSERT INTO `results` (`id`, `student_id`, `course_code`, `course_title`, `grade`, `semester`, `academic_year`, `created_at`) VALUES
(1, 2, 'CSC101', 'Introduction to Programming', 'A', 'Fall', '2024/2025', '2025-09-02 17:01:33'),
(2, 2, 'MAT102', 'Discrete Mathematics', 'B+', 'Fall', '2024/2025', '2025-09-02 17:01:33');

-- --------------------------------------------------------

--
-- Table structure for table `students`
--

CREATE TABLE `students` (
  `id` int(11) NOT NULL,
  `student_id` varchar(20) NOT NULL,
  `name` varchar(120) NOT NULL,
  `email` varchar(120) NOT NULL,
  `program` varchar(120) NOT NULL,
  `admission_year` year(4) NOT NULL,
  `created_at` timestamp NOT NULL DEFAULT current_timestamp()
) ENGINE=InnoDB DEFAULT CHARSET=utf8mb4 COLLATE=utf8mb4_general_ci;

-- --------------------------------------------------------

--
-- Table structure for table `users`
--

CREATE TABLE `users` (
  `id` int(11) NOT NULL,
  `full_name` varchar(120) NOT NULL,
  `username` varchar(60) NOT NULL,
  `email` varchar(120) NOT NULL,
  `password_hash` varchar(255) NOT NULL,
  `role` enum('student','admin') NOT NULL DEFAULT 'student',
  `created_at` timestamp NOT NULL DEFAULT current_timestamp()
) ENGINE=InnoDB DEFAULT CHARSET=utf8mb4 COLLATE=utf8mb4_general_ci;

--
-- Dumping data for table `users`
--

INSERT INTO `users` (`id`, `full_name`, `username`, `email`, `password_hash`, `role`, `created_at`) VALUES
(1, 'Site Administrator', 'king', 'admin@university.test', '1234567', 'admin', '2025-09-02 17:01:32'),
(2, 'John Doe', 'jdoe', 'jdoe@university.test', '$2y$10$tlqU9y9C0zZ5fG8m2Z3ZZuJ6f9H45T1e9oJrF7r5bVY0q2x3o3c6S', 'student', '2025-09-02 17:01:32');

--
-- Indexes for dumped tables
--

--
-- Indexes for table `admin`
--
ALTER TABLE `admin`
  ADD PRIMARY KEY (`id`),
  ADD UNIQUE KEY `username` (`username`);

--
-- Indexes for table `admins`
--
ALTER TABLE `admins`
  ADD PRIMARY KEY (`id`),
  ADD UNIQUE KEY `username` (`username`);

--
-- Indexes for table `announcements`
--
ALTER TABLE `announcements`
  ADD PRIMARY KEY (`id`);

--
-- Indexes for table `contact_messages`
--
ALTER TABLE `contact_messages`
  ADD PRIMARY KEY (`id`);

--
-- Indexes for table `events`
--
ALTER TABLE `events`
  ADD PRIMARY KEY (`id`);

--
-- Indexes for table `news`
--
ALTER TABLE `news`
  ADD PRIMARY KEY (`id`);

--
-- Indexes for table `programs`
--
ALTER TABLE `programs`
  ADD PRIMARY KEY (`id`);

--
-- Indexes for table `publications`
--
ALTER TABLE `publications`
  ADD PRIMARY KEY (`id`);

--
-- Indexes for table `results`
--
ALTER TABLE `results`
  ADD PRIMARY KEY (`id`),
  ADD KEY `fk_results_student` (`student_id`);

--
-- Indexes for table `students`
--
ALTER TABLE `students`
  ADD PRIMARY KEY (`id`),
  ADD UNIQUE KEY `student_id` (`student_id`);

--
-- Indexes for table `users`
--
ALTER TABLE `users`
  ADD PRIMARY KEY (`id`),
  ADD UNIQUE KEY `username` (`username`);

--
-- AUTO_INCREMENT for dumped tables
--

--
-- AUTO_INCREMENT for table `admin`
--
ALTER TABLE `admin`
  MODIFY `id` int(11) NOT NULL AUTO_INCREMENT, AUTO_INCREMENT=2;

--
-- AUTO_INCREMENT for table `admins`
--
ALTER TABLE `admins`
  MODIFY `id` int(11) NOT NULL AUTO_INCREMENT;

--
-- AUTO_INCREMENT for table `announcements`
--
ALTER TABLE `announcements`
  MODIFY `id` int(11) NOT NULL AUTO_INCREMENT, AUTO_INCREMENT=3;

--
-- AUTO_INCREMENT for table `contact_messages`
--
ALTER TABLE `contact_messages`
  MODIFY `id` int(11) NOT NULL AUTO_INCREMENT;

--
-- AUTO_INCREMENT for table `events`
--
ALTER TABLE `events`
  MODIFY `id` int(11) NOT NULL AUTO_INCREMENT, AUTO_INCREMENT=5;

--
-- AUTO_INCREMENT for table `news`
--
ALTER TABLE `news`
  MODIFY `id` int(11) NOT NULL AUTO_INCREMENT, AUTO_INCREMENT=5;

--
-- AUTO_INCREMENT for table `programs`
--
ALTER TABLE `programs`
  MODIFY `id` int(11) NOT NULL AUTO_INCREMENT, AUTO_INCREMENT=4;

--
-- AUTO_INCREMENT for table `publications`
--
ALTER TABLE `publications`
  MODIFY `id` int(11) NOT NULL AUTO_INCREMENT;

--
-- AUTO_INCREMENT for table `results`
--
ALTER TABLE `results`
  MODIFY `id` int(11) NOT NULL AUTO_INCREMENT, AUTO_INCREMENT=3;

--
-- AUTO_INCREMENT for table `students`
--
ALTER TABLE `students`
  MODIFY `id` int(11) NOT NULL AUTO_INCREMENT;

--
-- AUTO_INCREMENT for table `users`
--
ALTER TABLE `users`
  MODIFY `id` int(11) NOT NULL AUTO_INCREMENT, AUTO_INCREMENT=4;

--
-- Constraints for dumped tables
--

--
-- Constraints for table `results`
--
ALTER TABLE `results`
  ADD CONSTRAINT `fk_results_student` FOREIGN KEY (`student_id`) REFERENCES `users` (`id`) ON DELETE CASCADE;
--
-- Database: `university_portal`
--
CREATE DATABASE IF NOT EXISTS `university_portal` DEFAULT CHARACTER SET utf8mb4 COLLATE utf8mb4_general_ci;
USE `university_portal`;

-- --------------------------------------------------------

--
-- Table structure for table `admins`
--

CREATE TABLE `admins` (
  `id` int(11) NOT NULL,
  `username` varchar(50) NOT NULL,
  `password` varchar(255) NOT NULL
) ENGINE=InnoDB DEFAULT CHARSET=utf8mb4 COLLATE=utf8mb4_general_ci;

--
-- Dumping data for table `admins`
--

INSERT INTO `admins` (`id`, `username`, `password`) VALUES
(1, 'admin', '<HASH_FROM_SCRIPT>');

-- --------------------------------------------------------

--
-- Table structure for table `applications`
--

CREATE TABLE `applications` (
  `id` int(11) NOT NULL,
  `user_id` int(11) NOT NULL,
  `fullname` varchar(150) DEFAULT NULL,
  `dob` date DEFAULT NULL,
  `phone` varchar(20) DEFAULT NULL,
  `level` varchar(50) DEFAULT NULL,
  `program` varchar(150) DEFAULT NULL,
  `institution` varchar(150) DEFAULT NULL,
  `qualification` varchar(150) DEFAULT NULL,
  `file_path` varchar(255) DEFAULT NULL,
  `file` varchar(255) DEFAULT NULL,
  `submitted_at` timestamp NOT NULL DEFAULT current_timestamp(),
  `status` enum('Pending','Accepted','Rejected') DEFAULT 'Pending',
  `app_id` varchar(20) DEFAULT NULL
) ENGINE=InnoDB DEFAULT CHARSET=utf8mb4 COLLATE=utf8mb4_general_ci;

--
-- Dumping data for table `applications`
--

INSERT INTO `applications` (`id`, `user_id`, `fullname`, `dob`, `phone`, `level`, `program`, `institution`, `qualification`, `file_path`, `file`, `submitted_at`, `status`, `app_id`) VALUES
(1, 1, 'WELAGA KING', '2003-07-07', '0201952402', 'Undergraduate', 'COMPUTER SCIENCE ', 'AWE SHS', 'WASSCE', NULL, NULL, '2025-09-04 22:56:28', 'Pending', NULL),
(2, 1, 'WELAGA KING', '2003-07-07', '0201952402', 'Undergraduate', 'COMPUTER SCIENCE ', 'AWE SHS', 'WASSCE', NULL, NULL, '2025-09-04 23:20:39', 'Pending', NULL);

-- --------------------------------------------------------

--
-- Table structure for table `users`
--

CREATE TABLE `users` (
  `id` int(11) NOT NULL,
  `fullname` varchar(100) NOT NULL,
  `username` varchar(100) NOT NULL,
  `email` varchar(150) NOT NULL,
  `password` varchar(255) NOT NULL,
  `created_at` timestamp NOT NULL DEFAULT current_timestamp()
) ENGINE=InnoDB DEFAULT CHARSET=utf8mb4 COLLATE=utf8mb4_general_ci;

--
-- Dumping data for table `users`
--

INSERT INTO `users` (`id`, `fullname`, `username`, `email`, `password`, `created_at`) VALUES
(1, 'WELAGA', 'KABA', 'welage@gmail.com', '$2y$10$3lBQL2OJuEpXSDyZbK3G4Ou55ffnv7QmZs3449y0KFOts4WUnOlkq', '2025-09-04 22:42:28');

--
-- Indexes for dumped tables
--

--
-- Indexes for table `admins`
--
ALTER TABLE `admins`
  ADD PRIMARY KEY (`id`),
  ADD UNIQUE KEY `username` (`username`);

--
-- Indexes for table `applications`
--
ALTER TABLE `applications`
  ADD PRIMARY KEY (`id`),
  ADD UNIQUE KEY `app_id` (`app_id`),
  ADD KEY `user_id` (`user_id`);

--
-- Indexes for table `users`
--
ALTER TABLE `users`
  ADD PRIMARY KEY (`id`),
  ADD UNIQUE KEY `username` (`username`),
  ADD UNIQUE KEY `email` (`email`);

--
-- AUTO_INCREMENT for dumped tables
--

--
-- AUTO_INCREMENT for table `admins`
--
ALTER TABLE `admins`
  MODIFY `id` int(11) NOT NULL AUTO_INCREMENT, AUTO_INCREMENT=2;

--
-- AUTO_INCREMENT for table `applications`
--
ALTER TABLE `applications`
  MODIFY `id` int(11) NOT NULL AUTO_INCREMENT, AUTO_INCREMENT=3;

--
-- AUTO_INCREMENT for table `users`
--
ALTER TABLE `users`
  MODIFY `id` int(11) NOT NULL AUTO_INCREMENT, AUTO_INCREMENT=2;

--
-- Constraints for dumped tables
--

--
-- Constraints for table `applications`
--
ALTER TABLE `applications`
  ADD CONSTRAINT `applications_ibfk_1` FOREIGN KEY (`user_id`) REFERENCES `users` (`id`) ON DELETE CASCADE;
COMMIT;

/*!40101 SET CHARACTER_SET_CLIENT=@OLD_CHARACTER_SET_CLIENT */;
/*!40101 SET CHARACTER_SET_RESULTS=@OLD_CHARACTER_SET_RESULTS */;
/*!40101 SET COLLATION_CONNECTION=@OLD_COLLATION_CONNECTION */;
